Czas_s,Pozycja_X_m,Pozycja_Y_m,Kat_Alpha_rad,Kat_Beta_rad
0,-0.14,0.11,0,0
0.01,-0.139,0.111,0,0
0.02,-0.138,0.112,0.000137633054038434,-0.000421383940336514
0.03,-0.137,0.113,0.000397587289056077,-0.00122635437881825
0.04,-0.135999903558553,0.113999704730253,0.000765385089747996,-0.00237880523135279
0.05,-0.134999528522012,0.114998550136474,0.00122735594792456,-0.00384427967890037
0.06,-0.133998617169206,0.115995728679886,0.00177060979695173,-0.00558992843459567
0.07,-0.132996845790552,0.116990213481609,0.0023830108290267,-0.00758446837790004
0.08,-0.13199383372032,0.117980781340621,0.00305315179310166,-0.00979814156289482
0.09,-0.130989151840357,0.118966034654292,0.0037703287713125,-0.0122026746080418
0.1,-0.129982330573315,0.119944422270196,0.00452451643180183,-0.0147712384749202
0.11,-0.128972867383042,0.120914259297678,0.00530634375584629,-0.0174784086436005
0.12,-0.12796023379947,0.121873745907344,0.0061070702372083,-0.0203001256924377
0.13,-0.126943881985022,0.122820985146381,0.00691856255163131,-0.0232136562901546
0.14,-0.125923250859216,0.123753999797343,0.00773327169438717,-0.0261975546081495
0.15,-0.124897771797793,0.12467074830772,0.00854421058376369,-0.0292316241609925
0.16,-0.123866873922418,0.125569139817331,0.00934493212835089,-0.0322968800830819
0.17,-0.122829988996627,0.126447048310299,0.0101295077559464,-0.0353755118494084
0.18,-0.121786555943395,0.127302325918008,0.0108925064018542,-0.0384508464483259
0.19,-0.120736024999371,0.1281328153992,0.0116289739542962,-0.0415073120141578
0.2,-0.119677861520504,0.128936361822988,0.0123344131545962,-0.0445304019273656
0.21,-0.118611549453459,0.129710823480286,0.0130047639497265,-0.0475066393898907
0.22,-0.117536594486911,0.130454082048805,0.0136363842947337,-0.0504235424831336
0.23,-0.116452526896481,0.131164052036437,0.0142260314024813,-0.0532695897158738
0.24,-0.115358904096769,0.131838689527514,0.0147708434380582,-0.0560341860692477
0.25,-0.114255312913626,0.132476000256084,0.0152683216551169,-0.0587076295456981
0.26,-0.113141371589473,0.133074047029987,0.0157163129713058,-0.0612810782285889
0.27,-0.112016731534217,0.133630956529186,0.0161129929798649,-0.0637465178589387
0.28,-0.110881078833944,0.134144925501427,0.0164568493943498,-0.0660967299354707
0.29,-0.109734135529304,0.134614226377939,0.0167466659233468,-0.0683252603439083
0.3,-0.108575660675196,0.135037212331547,0.0169815065719292,-0.0704263885211595
0.31,-0.107405451193037,0.135412321799157,0.0171607003665019,-0.0723950971597366
0.32,-0.10622334252663,0.135738082490238,0.0172838264995619,-0.0742270424574459
0.33,-0.105029209112324,0.136013114902524,0.0173506998907955,-0.0759185249170635
0.34,-0.103822964673877,0.136236135365774,0.0173613571608151,-0.0774664607003796
0.35,-0.10260456235215,0.136405958634064,0.0173160430137243,-0.0788683535406536
0.36,-0.101373994679441,0.136521500046677,0.0172151970245857,-0.0801222672171737
0.37,-0.10013129340802,0.136581777277274,0.0170594408277485,-0.0812267985952574
0.38,-0.0988765292021127,0.136585911690628,0.016849565701881,-0.0821810512346657
0.39,-0.097609811202311,0.136533129325823,0.0165865205474364,-0.0829846095690368
0.4,-0.0963312864711139,0.136422761524404,0.0162714002521676,-0.0836375136585695
0.41,-0.0950411393280189,0.136254245221565,0.0159054344401974,-0.0841402345178103
0.42,-0.0937395905823187,0.136027122918083,0.0154899766000354,-0.0844936500200179
0.43,-0.0924268966714858,0.135741042350272,0.0150264935868295,-0.0846990213791956
0.44,-0.0911033487127638,0.135395755874839,0.0145165554940309,-0.0847579702104974
0.45,-0.0897692714753213,0.13499111958514,0.0139618258895481,-0.0846724561693309
0.46,-0.0884250222800648,0.134527092174887,0.0133640524113643,-0.0844447551690941
0.47,-0.0870709898339528,0.134003733564989,0.0127250577174952,-0.0840774381770982
0.48,-0.0857075930054012,0.13342120330879,0.0120467307850668,-0.0835733505878502
0.49,-0.0843352795471203,0.132779758790555,0.0113310185532038,-0.0829355921724839
0.5,-0.0829545247724822,0.132079753231657,0.0105799179043268,-0.0821674976027562
0.51,-0.0815658301912722,0.13132163351853,0.00979546797837575,-0.0812726175476475
0.52,-0.080169722110445,0.130505937866012,0.00897974281439242,-0.0802547003402384
0.53,-0.07876675020527,0.12963329332934,0.00813484431381975,-0.0791176742121694
0.54,-0.077357486066023,0.128704413177644,0.00726289551980132,-0.0778656300926306
0.55,-0.0759425217251532,0.127720094141376,0.00636603420669635,-0.0765028049684752
0.56,-0.074522468169637,0.126681213545735,0.0054464067739601,-0.0750335658017028
0.57,-0.0730979538430088,0.125588726341756,0.00450616243847987,-0.0734623940002193
0.58,-0.0716696231413483,0.124443662046311,0.00354744771940067,-0.0717938704374448
0.59,-0.0702381349072935,0.123247121601928,0.00257240120942372,-0.0700326610160174
0.6,-0.0688041609259438,0.122000274166902,0.00158314862651426,-0.0681835027705228
0.61,-0.0673683844263181,0.120704353845836,0.00058179813991321,-0.0662511905038688
0.62,-0.0659314985918334,0.119360656370329,-0.000429564035689638,-0.0642405639516265
0.63,-0.0644942050830806,0.11797053573919,-0.00144887778399581,-0.0621564954683676
0.64,-0.0630572125759843,0.116535400827167,-0.00247411297515406,-0.0600038782297436
0.65,-0.0616212353182495,0.11505671197082,-0.00350327310425697,-0.0577876149437849
0.66,-0.0601869917068208,0.113535977539799,-0.00453439868652141,-0.0555126070646318
0.67,-0.0587552028889031,0.11197475050145,-0.00556557041540873,-0.0531837445016602
0.68,-0.0573265913889221,0.110374624986293,-0.00659491208994916,-0.0508058958167232
0.69,-0.0559018797636393,0.108737232861597,-0.00762059331753825,-0.0483838989019967
0.7,-0.054481789287471,0.107064240319902,-0.00864083199847194,-0.0459225521307006
0.71,-0.0530670386699059,0.105357344489049,-0.00965389659848092,-0.0434266059727558
0.72,-0.0516583428067627,0.103618270069881,-0.0106581082155143,-0.0409007550672392
0.73,-0.0502564115668787,0.101848766007529,-0.0116518424470072,-0.0383496307433123
0.74,-0.0488619486156801,0.100050602201803,-0.0126335310638477,-0.0357777939811238
0.75,-0.047475650276939,0.0982255662619647,-0.0136016634972329,-0.0331897288040205
0.76,-0.0460982044338933,0.0963754603107721,-0.0145547881445766,-0.0305898360932482
0.77,-0.0447302894707696,0.0945020978424675,-0.0154915135005977,-0.0279824278161828
0.78,-0.0433725732556244,0.0926073006390147,-0.0164105091196799,-0.0253717216589994
0.79,-0.0420257121652964,0.0906928957486421,-0.0173105064155536,-0.0227618360545688
0.8,-0.0406903501531444,0.0887607125304498,-0.0181902993043034,-0.0201567855962631
0.81,-0.0393671178601307,0.0868125797685651,-0.0190487446966574,-0.0175604768282515
0.82,-0.0380566317697009,0.084850322859059,-0.0198847628454583,-0.0149767044027865
0.83,-0.0367594934068051,0.0828757610725754,-0.0206973375541617,-0.0124091475949001
0.84,-0.035476288581303,0.0808907048953638,-0.021485516252144,-0.00986136716486973
0.85,-0.0342075866759015,0.0788969534511589,-0.02224840994254,-0.00733680255875667
0.86,-0.0329539399786737,0.0768962920061049,-0.0229851930282603,-0.0048387694372798
0.87,-0.0317158830601271,0.0748904895586866,-0.0236951030217692,-0.00237045752325276
0.88,-0.0304939321946954,0.0728812965163983,-0.0243774401441295,6.50712422079289e-05
0.89,-0.0292885848264524,0.0708704424606597,-0.0250315668187413,0.00246488424450885
0.9,-0.0281003190787676,0.0688596340012702,-0.025656907065125,0.0048261794512463
0.91,-0.0269295933075465,0.0668505527214834,-0.026252945798012,0.00714628638851252
0.92,-0.0257768456976332,0.0648448532145835,-0.0268192280369241,0.00942266684762269
0.93,-0.0246424939018826,0.0628441612126459,-0.0273553580313328,0.0116529153320171
0.94,-0.0235269347223493,0.0608500718079779,-0.0278609983063989,0.0138347592540569
0.95,-0.0224305438329794,0.0588641477675532,-0.028335868634201,0.0159660588913865
0.96,-0.021353675543137,0.0568879179405774,-0.0287797449352664,0.0180448071124825
0.97,-0.0202966626012448,0.0549228757591532,-0.0291924581151199,0.0200691288809467
0.98,-0.0192598160377679,0.0529704778318558,-0.0295738928404687,0.0220372805480292
0.99,-0.0182434250467274,0.051032142629867,-0.0299239862595408,0.0239476489427919
1,-0.0172477569048844,0.0491092492651766,-0.0302427266709908,0.0257987502692337
1.01,-0.016273056927699,0.0472031363602096,-0.0305301521456866,0.0275892288196072
1.02,-0.0153195484611309,0.0453151010081099,-0.0307863491055822,0.0293178555130554
1.03,-0.0143874329083163,0.0434463978227759,-0.0310114508637793,0.0309835262685891
1.04,-0.013476889790125,0.0415982380776264,-0.0312056361297707,0.0325852602213118
1.05,-0.0125880768385746,0.0397717889319551,-0.0313691274837527,0.03412219779068
1.06,-0.0117211301220552,0.0379681727436247,-0.0315021898237834,0.0355935986094554
1.07,-0.010876164201294,0.0361884664667461,-0.0316051287894566,0.0369988393218806
1.08,-0.0100532723149737,0.0344337011328931,-0.0316782891656497,0.038337411259465
1.09,-0.00925252659389796,0.0327048614143078,-0.0317220532697932,0.0396089180026291
1.1,-0.00847397830258758,0.0310028852674694,-0.0317368393260032,0.0408130728363055
1.11,-0.00771765810717554,0.029328663655317,-0.0317230998293008,0.0419496961074433
1.12,-0.00698357636846264,0.027683040346345,-0.0316813199030391,0.0430187124922051
1.13,-0.00627172345898728,0.0260668117887168,-0.031612015652543,0.0440201481804855
1.14,-0.00558207010295826,0.0244807270574849,-0.031515732517859,0.0449541279852136
1.15,-0.0049145677378972,0.0229254878729424,-0.031393043628401,0.0458208723837371
1.16,-0.00426914889683615,0.0214017486880809,-0.031244548162171,0.0466206944984104
1.17,-0.00364572760991758,0.0199101168430826,-0.0310708697121204,0.0473539970233368
1.18,-0.00304419982424692,0.0184511527847293,-0.0308726546621148,0.0480212691040382
1.19,-0.00246444384085312,0.0170253703485759,-0.0306505705748523,0.0486230831766443
1.2,-0.00190632076761898,0.0156332371017018,-0.0304053045939815,0.0491600917730143
1.21,-0.00136967498705194,0.0142751747438251,-0.0301375618625597,0.0496330242980178
1.22,-0.000854334637775398,0.0129515595645407,-0.0298480639598851,0.0500426837850196
1.23,-0.000360112108632546,0.0116627229544252,-0.0295375473586343,0.0503899436354227
1.24,0.0001131954556927,0.0104089519677333,-0.0292067619041341,0.0506757443479422
1.25,0.000565805638618789,0.00919048993440312,-0.0288564693174944,0.0509010902430869
1.26,0.000997950226239195,0.00800753711907673,-0.0284874417242292,0.0510670461881433
1.27,0.00140987467357356,0.00686025142484209,-0.0281004602098947,0.0511747343277632
1.28,0.0018018375635283,0.00574874913940072,-0.0276963134041763,0.0512253308250677
1.29,0.00217411005957882,0.00467310572137045,-0.0272757960947593,0.0512200626179917
1.3,0.00252697535316542,0.00363335662443974,-0.0268397078722274,0.0511602041954021
1.31,0.00286072810677419,0.00262949815710064,-0.0263888518071361,0.0510470743973363
1.32,0.00317567389365249,0.00166148837570132,-0.0259240331603234,0.0508820332435184
1.33,0.00347212863508593,0.000729248008576132,-0.0254460581274251,0.0506664787941234
1.34,0.0037504180361406,-0.000167338590969134,-0.0249557326184808,0.0504018440465742
1.35,0.00401087702075027,-0.00102842246501652,-0.0244538610734278,0.0500895938719724
1.36,0.00425384916700371,-0.00185418904691412,-0.0239412453141981,0.0497312219945783
1.37,0.00447968614346212,-0.00264485713482001,-0.0234186834340531,0.0493282480175779
1.38,0.00468874714731108,-0.00340067784502827,-0.0228869687247115,0.04888221449819
1.39,0.00488139834512518,-0.00412193354716135,-0.0223468886417465,0.0483946840749945
1.4,0.00505801231699718,-0.00480893678327821,-0.021799223808656,0.0478672366501828
1.41,0.00521896750475664,-0.00546202917291108,-0.0212447470599356,0.0473014666292601
1.42,0.0053646476649759,-0.00608158030600551,-0.0206842225234125,0.0466989802205592
1.43,0.00549544132743387,-0.00666798662569757,-0.0201184047420293,0.046061392796756
1.44,0.00561174125968079,-0.0072216703028208,-0.0195480378352028,0.0453903263204108
1.45,0.00571394393831919,-0.00774307810399145,-0.0189738546998142,0.0446874068353993
1.46,0.00580244902758878,-0.00823268025507615,-0.0183965762508282,0.0439542620259355
1.47,0.00587765886581514,-0.00869096930179976,-0.0178169107014768,0.0431925188447312
1.48,0.00593997796025432,-0.00911845896920377,-0.0172355528828848,0.0424038012116863
1.49,0.00598981249083767,-0.00951568302161729,-0.0166531836029609,0.0415897277843516
1.5,0.0060275698232938,-0.00988319412475319,-0.016070469044321,0.0407519098012571
1.51,0.00605365803209672,-0.0102215627114916,-0.0154880602009618,0.0398919489990611
1.52,0.00606848543366215,-0.0105313758528622,-0.0149065923533523,0.0390114356043281
1.53,0.00607246013018677,-0.0108132361356841,-0.0143266845815635,0.038111946400612
1.54,0.00606598956449807,-0.0110677605482719,-0.0137489393160115,0.0371950428713868
1.55,0.00604948008625614,-0.0112955793755604,-0.0131739419253482,0.0362622694192371
1.56,0.00602333652982207,-0.0114973351049511,-0.0126022603409897,0.0353151516615951
1.57,0.00598796180408174,-0.0116736813441273,-0.0120344447177369,0.0343551948031915
1.58,0.00594375649448818,-0.0118252817520322,-0.011471027129906,0.0333838820852653
1.59,0.00589111847756027,-0.0119528089841499,-0.0109125213023495,0.0324026733114684
1.6,0.00583044254805062,-0.0120569436531778,-0.0103594223757194,0.0314130034502871
1.61,0.00576212005897124,-0.0121383733061211,-0.00981220670529179,0.0304162813136967
1.62,0.00568653857464146,-0.0121977914187896,-0.0092713316926449,0.0294138883116662
1.63,0.00560408153689889,-0.0122358964086233,-0.00873723564945437,0.0284071772820258
1.64,0.0055151279445917,-0.0122533906667186,-0.00821033769264787,0.0273974713951212
1.65,0.00542005204644727,-0.0122509796098755,-0.00769103767013632,0.0263860631325842
1.66,0.00531922304739107,-0.0122293707534334,-0.00717971611631945,0.0253742133394636
1.67,0.00521300482836744,-0.0121892728056106,-0.00667673423654442,0.0243631503488775
1.68,0.00510175567969373,-0.0121313947840121,-0.00618243391967907,0.0233540691782687
1.69,0.00498582804795856,-0.0120564451549191,-0.00569713777794641,0.0223481307962714
1.7,0.00486556829645538,-0.0119651309959233,-0.00522114921315335,0.0213464614591227
1.71,0.00474131647912352,-0.0118581571824195,-0.00475475250843469,0.0203501521154888
1.72,0.00461340612795015,-0.0117362255984219,-0.00429821294462381,0.0193602578785103
1.73,0.00448216405376908,-0.0116000343721205,-0.0038517769403523,0.0183777975638098
1.74,0.00434791016037468,-0.0114502771365486,-0.00341567221497439,0.0174037532921519
1.75,0.00421095727185279,-0.0112876423156837,-0.00299010797340638,0.0164390701553907
1.76,0.00407161097301454,-0.0111128124362619,-0.00257527511196739,0.0154846559442914
1.77,0.0039301694628035,-0.0109264634655384,-0.00217134644430531,0.014541380936768
1.78,0.00378692342053187,-0.0107292641751854,-0.00177847694649081,0.0136100777450376
1.79,0.00364215588478747,-0.010521875531476,-0.00139680402036248,0.012691541220151
1.8,0.00349614214483985,-0.0103049501118609,-0.00102644777420789,0.0117865284123279
1.81,0.00334914964436082,-0.0100791315480052,-0.000667511319868132,0.0108957585854905
1.82,0.00320143789726286,-0.00984505399531191,-0.000320081085357655,0.0100199132843622
1.83,0.0030532584154472,-0.00960334162892411,1.57728579036651e-05,0.00915963645247344
1.84,0.00290485464824244,-0.00935460816615634,0.000339996454142721,0.00831553459939386
1.85,0.00275646193330454,-0.00909945641527437,0.000652551309458697,0.00748817701549086
1.86,0.00260830745873915,-0.00883847785050526,0.000953414326102425,0.00667809603250042
1.87,0.00246061023619846,-0.00857225221312743,0.00124257732568049,0.00588578732818129
1.88,0.00231358108469627,-0.00830134713845826,0.00152004666214458,0.00511171027331449
1.89,0.00216742262487729,-0.00802631780852556,0.001785842825415,0.00435628831930265
1.9,0.00202232928346943,-0.00774770663017991,0.00204000003647536,0.00361990942461897
1.91,0.00187848730764138,-0.00746604293837624,0.00228256583476177,0.00290292651835385
1.92,0.00173607478898174,-0.00718184272432574,0.00251360065865675,0.00220565799910746
1.93,0.00159526169681061,-0.00689560838819346,0.00273317741988282,0.00152838826747988
1.94,0.00145620992052957,-0.0066078285159918,0.00294138107257591,0.000871368290415759
1.95,0.00131907332071204,-0.006318977680297,0.00313830817780263,0.000234816195667958
1.96,0.0011839977886318,-0.00602951626439298,0.00332406646426895,-0.000381082105345119
1.97,0.00105112131392471,-0.00573989030942615,0.0034987743859508,-0.000976172268001997
1.98,0.000920574060075801,-0.00545053138413456,0.00366256067735963,-0.00155033083995968
1.99,0.000792478447421619,-0.00516185647669648,0.00381556390713767,-0.00210346456333751
2,0.000666949243356357,-0.00487426790822554,0.00395793203065942,-0.00263550965526869
2.01,0.000544093659428884,-0.00458815326742362,0.00408982194229684,-0.0031464310684649
2.02,0.000424011455017179,-0.00430388536588729,0.00421139902798665,-0.0036362217334183
2.03,0.000306795047266469,-0.00402182221354965,0.00432283671871836,-0.00410490178384179
2.04,0.000192529626977513,-0.00374230701372664,0.00442431604554217,-0.00455251776692406
2.05,8.12932801321733e-05,-0.00346566817722502,0.0045160251966754,-0.00497914183994966
2.06,-2.68428852555402e-05,-0.00319221935495865,0.00459815907726631,-0.00538487095480707
2.07,-0.000131814607273298,-0.00292225948851014,0.00467091887235331,-0.00576982603187875
2.08,-0.000233564333537628,-0.00265607287806638,0.00473451161353722,-0.00613415112477736
2.09,-0.000332041080220687,-0.00239392926714925,0.0047891497498635,-0.00647801257736119
2.1,-0.000427200286980261,-0.00213608394355598,0.00483505072339066,-0.00680159817442945
2.11,-0.000519003668093681,-0.00188277785591871,0.00487243654990009,-0.00710511628746528
2.12,-0.000607419060093068,-0.00163423774528794,0.00490153340518205,-0.00738879501675988
2.13,-0.000692420266195703,-0.00139067629114146,0.00492257121731148,-0.0076528813312165
2.14,-0.000773986897819421,-0.00115229227121744,0.00493578326530676,-0.00789764020709735
2.15,-0.000852104213468723,-0.000919270734569086,0.00494140578454375,-0.00812335376694005
2.16,-0.000926762955272835,-0.000691783187237271,0.00493967757927702,-0.00833032041983326
2.17,-0.000997959183452207,-0.000469987789937863,0.00493083964259968,-0.00851885400420396
2.18,-0.00106569410898496,-0.000254029567161209,0.0049151347841528,-0.0086892829342303
2.19,-0.00112997392473957,-4.40406270832151e-05,0.00489280726587575,-0.0088419493509562
2.2,-0.00119080963533472,0.00015985960831015,0.00486410244606833,-0.00897720827914471
2.21,-0.00124821688598142,0.000357564163479738,0.00482926643201629,-0.00909542679086838
2.22,-0.00130221579055698,0.000548978260562297,0.00478854574141227,-0.0091969831767955
2.23,-0.00135283075915411,0.000734019062157826,0.00474218697278502,-0.00928226612609213
2.24,-0.00140009032534243,0.000912615406255901,0.0046904364851308,-0.0093516739158198
2.25,-0.0014440269733734,0.00108470753387562,0.00463354008692248,-0.00940561361066978
2.26,-0.001484676965553,0.00125024680998718,0.00457174273465325,-0.00944450027383513
2.27,-0.00152208017000026,0.00140919543827584,0.00450528824105429,-0.00946875618978254
2.28,-0.00155627988900274,0.00156152617030119,0.00443441899310781,-0.00947881009964633
2.29,-0.00158732268817345,0.00170722200959641,0.0043593756799598,-0.00947509644992851
2.3,-0.00161525822660685,0.00184627591124324,0.00428039703081995,-0.0094580546551494
2.31,-0.00164013908822451,0.00197869047744909,0.00419771956291978,-0.00942812837505505
2.32,-0.00166202061449414,0.002104477649643,0.00411157733958365,-0.00938576480694943
2.33,-0.00168096073869861,0.00222365839759696,0.00402220173845203,-0.00933141399368129
2.34,-0.00169701982192442,0.00233626240606834,0.00392982122988094,-0.00926552814777845
2.35,-0.00171026049093207,0.00244232775944844,0.00383466116552658,-0.00918856099218476
2.36,-0.00172074747806364,0.00254190062489069,0.00373694357710988,-0.00910096711801904
2.37,-0.00172854746333565,0.00263503493438057,0.00363688698534175,-0.00900320135973863
2.38,-0.00173372891885827,0.00272179206619703,0.00353470621897618,-0.0088957181880552
2.39,-0.00173636195571473,0.00280224052620357,0.00343061224394534,-0.00877897112091532
2.4,-0.00173651817342775,0.00287645562939404,0.00332481200251829,-0.00865341215282413
2.41,-0.0017342705121327,0.00294451918210622,0.00321750826241255,-0.0085194912027566
2.42,-0.00172969310757016,0.00300651916530273,0.00310889947577637,-0.00837765558086829
2.43,-0.00172286114900375,0.00306254941930646,0.00299917964794798,-0.00822834947418494
2.44,-0.00171385074016181,0.00311270933036388,0.00288853821588779,-0.00807201345141864
2.45,-0.00170273876329514,0.00315710351939689,0.0027771599361687,-0.00790908398702793
2.46,-0.00168960274643575,0.00319584153329002,0.00266522478240019,-0.00773999300460858
2.47,-0.00167452073393538,0.00322903753904652,0.00255290785195258,-0.00756516743967303
2.48,-0.00165757116035535,0.00325681002113336,0.00244037928183853,-0.00738502882184775
2.49,-0.00163883272777334,0.0032792814823214,0.0023278041736009,-0.00719999287649009
2.5,-0.00161838428656598,0.00329657814831356,0.0022153425270478,-0.00701046914569961
2.51,-0.00159630471971983,0.00330882967644012,0.00210314918266836,-0.00681686062867269
2.52,-0.00157267283071724,0.00331616886868673,0.00199137377255548,-0.00661956344132416
2.53,-0.00154756723503736,0.00331873138930711,0.00188016067965544,-0.00641896649507534
2.54,-0.00152106625530685,0.00331665548725896,0.00176964900515796,-0.00621545119468464
2.55,-0.00149324782012867,0.00331008172368819,0.00165997254383456,-0.00600939115497423
2.56,-0.00146418936661187,0.00329915270467315,0.00155125976712797,-0.00580115193628454
2.57,-0.00143396774661972,0.00328401281942736,0.00144363381379027,-0.00559109079846771
2.58,-0.00140265913674789,0.00326480798414623,0.00133721248786314,-0.00537955647321123
2.59,-0.00137033895203939,0.00324168539166988,0.00123210826378966,-0.00516688895446388
2.6,-0.00133708176343761,0.00321479326712195,0.00112842829844326,-0.00495341930671802
2.61,-0.00130296121897385,0.00318428062967092,0.00102627444985658,-0.004739469490885
2.62,-0.00126804996868096,0.00315029706054855,0.000925743302429868,-0.00452535220748421
2.63,-0.00123241959322,0.0031129924774472,0.00082692619839634,-0.00431137075685059
2.64,-0.00119614053620212,0.00307251691540618,0.000729909275319869,-0.00409781891605101
2.65,-0.00115928204018379,0.00302902031428483,0.000634773509398618,-0.00388498083218599
2.66,-0.00112191208630897,0.00298265231290873,0.000541594764347058,-0.00367313093174047
2.67,-0.00108409733756792,0.00293356204996379,0.000450443845627778,-0.00346253384563525
2.68,-0.00104590308563843,0.00288189797170168,0.00036138655980394,-0.00325344434961939
2.69,-0.00100739320127139,0.00282780764650916,0.000274483778782948,-0.00304610731963371
2.7,-0.000968630088179232,0.00277143758638309,0.000189791508721958,-0.00284075770176567
2.71,-0.000929674640382084,0.00271293307534233,0.000107360963366241,-0.00263762049640755
2.72,-0.000890586202963467,0.0026524380047977,2.72386415920667e-05,-0.00243691075622139
2.73,-0.000851422536184091,0.00259009471589093,-5.05335910732408e-05,-0.0022388335975075
2.74,-0.000812239782899429,0.00252604384880428,-0.000125918417180163,-0.00204358422456643
2.75,-0.00077309243922394,0.00246042419903251,-0.000198882978559342,-0.00185134796663923
2.76,-0.000734033328382203,0.00239337258060053,-0.00026939878422019,-0.00166230032700522
2.77,-0.000695113577684729,0.00232502369620049,-0.000337441615166501,-0.00147660704381295
2.78,-0.000656382598563911,0.00225551001421418,-0.000402991426347489,-0.00129442416221616
2.79,-0.000617888069603436,0.00218496165257787,-0.00046603224596017,-0.00111589811738392
2.8,-0.000579675922492422,0.00211350626943934,-0.000526552072316285,-0.000941165827951871
2.81,-0.000541790330833756,0.00204126896054854,-0.000584542768483963,-0.000770354799480317
2.82,-0.000504273701734335,0.00196837216331688,-0.000639999954911198,-0.000603583237483809
2.83,-0.000467166670103401,0.00189493556747215,-0.000692922900234862,-0.00044096016959683
2.84,-0.00043050809558373,0.0018210760322303,-0.000743314410475453,-0.000282585576440568
2.85,-0.000394335062039153,0.00174690750989818,-0.000791180716814052,-0.000128550530756778
2.86,-0.000358682879520772,0.00167254097581571,-0.000836531362144161,2.10626556237406e-05
2.87,-0.000323585088633245,0.00159808436453991,-0.000879379086587021,0.00016618027740836
2.88,-0.000289073467221621,0.0015236425121678,-0.000919739712154924,0.000306737074493257
2.89,-0.000255178039298526,0.00144931710469007,-0.000957632026742713,0.000442676064061994
2.9,-0.000221927086130877,0.00137520663226239,-0.000993077667623283,0.000573948366552966
2.91,-0.000189347159404824,0.00130140634927675,-0.0010261010046184,0.000700513025912537
2.92,-0.000157463096387299,0.00122800824011081,-0.00105672902311151,0.000822336824546093
2.93,-0.000126298037002295,0.00115510099042946,-0.00108499120706459,0.000939394093374309
2.94,-9.58734427399148e-05,0.00108276996390874,-0.00111091942219617,0.00105166651739648
2.95,-6.62091173161989e-05,0.00101109718424916,-0.00113454779947296,0.00115914293715707
2.96,-3.73232290018934e-05,0.000940161322342129,-0.00115591261906249,0.00126181914650526
2.97,-9.23233453850433e-06,0.000870037688450348,-0.00117505219488923,0.00135969768703122
2.98,1.80485954396703e-05,0.000800798229260511,-0.00119200675993161,0.0014527876395553
2.99,4.4506149558426e-05,0.00073251152966423,-0.00120681835239234,0.00154110441304002
3,7.01284475118297e-05,0.000665242819121093,-0.00121953070286929,0.00162466953128648
3.01,9.490511060545e-05,0.000599053982455952,-0.00123018912264915,0.00170351041776976
3.02,0.000118827231113702,0.000534003574940947,-0.00123884039324077,0.00177766017895942
3.03,0.000141887340529584,0.000470146841511537,-0.00124553265726027,0.0018471573864634
3.04,0.000164079376784203,0.000407535739964669,-0.00125031531077446,0.00191204585832481
3.05,0.000185398650512555,0.000346218967986459,-0.00125323889720433,0.00197237443979282
3.06,0.000205841810441,0.000286241993856118,-0.00125435500288516,0.00202819678387977
3.07,0.000225406807970762,0.000227647090672517,-0.00125371615437435,0.00207957113200791
3.08,0.000244092861030644,0.00017047337394962,-0.00125137571759375,0.00212656009503971
3.09,0.000261900417270926,0.000114756842427081,-0.0012473877988873,0.0021692304349769
3.1,0.000278831116669094,6.05304219425659e-05,-0.00124180714807066,0.00220765284760355
3.11,0.000294887753616756,7.82401221284522e-06,-0.00123468906354389,0.00224190174633931
3.12,0.000310074238555662,-4.33354636286618e-05,-0.00122608929953369,0.00227205504755943
3.13,0.000324395559229328,-9.29240068893411e-05,-0.00121606397552676,0.00229819395762831
3.14,0.00033785774161525,-0.000140920488720266,-0.00120466948795106,0.00232040276188391
3.15,0.000350467810601177,-0.000187306593213739,-0.00119196242415699,0.00233876861580058
3.16,0.000362233750467333,-0.000232066758343349,-0.00117799947874581,0.00235338133854802
3.17,0.000373164465234848,-0.000275188114892887,-0.00116283737228823,0.00236433320915455
3.18,0.000383269738939041,-0.000316660423518771,-0.00114653277247131,0.00237171876547301
3.19,0.000392560195884509,-0.000356476010088812,-0.00112914221770768,0.00237563460613798
3.2,0.000401047260937268,-0.000394629699438189,-0.00111072204323639,0.00237617919569323
3.21,0.000408743119907475,-0.000431118747681408,-0.0010913283097409,0.00237345267305874
3.22,0.000415660680074529,-0.000465942773216788,-0.00107101673450515,0.00236755666349722
3.23,0.000421813530904543,-0.000499103686557688,-0.00104984262512478,0.00235859409423011
3.24,0.00042721590500845,-0.000530605619122238,-0.00102786081578658,0.00234666901384417
3.25,0.000431882639387181,-0.00056045485111076,-0.00100512560612546,0.00233188641561993
3.26,0.000435829137008564,-0.000588659738597438,-0.000981690702664181,0.00231435206490437
3.27,0.000439071328758797,-0.000615230639960029,-0.000957609162837837,0.0022941723306409
3.28,0.000441625635809521,-0.000640179841768568,-0.00093293334160116,0.00227145402116066
3.29,0.000443508932439713,-0.000663521484251137,-0.000907714840613492,0.00224630422433045
3.3,0.000444738509349827,-0.000685271486451735,-0.000882004459992838,0.00221883015214368
3.31,0.000445332037503767,-0.000705447471192285,-0.000855852152627221,0.0021891389898321
3.32,0.000445307532532527,-0.000724068689947654,-0.000829306981028429,0.00215733774956781
3.33,0.000444683319731482,-0.000741155947739433,-0.000802417076710239,0.00212353312881649
3.34,0.000443477999681588,-0.00075673152815098,-0.000775229602070348,0.00208783137339481
3.35,0.000441710414522941,-0.000770819118562977,-0.00074779071475242,0.00205033814527702
3.36,0.000439399614907415,-0.000783443735705474,-0.000720145534462029,0.00201115839518775
3.37,0.000436564827655338,-0.000794631651619031,-0.000692338112207738,0.0019703962400107
3.38,0.00043322542413947,-0.000804410320114245,-0.000664411401936089,0.00192815484503522
3.39,0.000429400889417833,-0.000812808303815566,-0.000636407234527016,0.00188453631105571
3.4,0.000425110792135269,-0.000819855201871902,-0.000608366294113935,0.00183964156633169
3.41,0.000420374755211939,-0.000825581578413134,-0.000580328096690737,0.00179357026340951
3.42,0.000415212427335377,-0.000830018891828243,-0.000552330970965884,0.00174642068080006
3.43,0.000409643455271062,-0.000833199424937349,-0.000524412041421985,0.00169828962950044
3.44,0.000403687457004949,-0.000835156216126551,-0.000496607213537464,0.00164927236434124
3.45,0.00039736399572981,-0.000835922991511082,-0.000468951161125309,0.00159946250013516
3.46,0.000390692554685758,-0.000835534098188886,-0.000441477315742332,0.00154895193259689
3.47,0.000383692512863802,-0.00083402443864338,-0.000414217858120998,0.0014978307639984
3.48,0.000376383121579888,-0.000831429406350819,-0.00038720371157454,0.00144618723351882
3.49,0.000368783481925389,-0.000827784822644342,-0.000360464537324863,0.00139410765224244
3.5,0.000360912523098709,-0.00082312687488352,-0.000334028731701686,0.00134167634275376
3.51,0.000352788981621232,-0.000817492055974949,-0.000307923425160317,0.0012889755832738
3.52,0.000344431381439613,-0.000810917105286206,-0.000282174483064603,0.00123608555627713
3.53,0.000335858014915077,-0.000803438950992325,-0.000256806508180776,0.00118308430152492
3.54,0.000327086924699195,-0.000795094653890796,-0.00023184284482724,0.00113004767344552
3.55,0.000318135886494365,-0.000785921352717984,-0.000207305584624706,0.0010770493027896
3.56,0.000309022392696125,-0.000775956210996851,-0.000183215573790615,0.00102416056248385
3.57,0.000299763636913229,-0.000765236365442834,-0.000159592421921337,0.000971450537603505
3.58,0.000290376499360414,-0.00075379887595182,-0.000136454512205316,0.000918985999380725
3.59,0.000280877533117666,-0.000741680677191243,-0.000113819013010101,0.000866831383162986
3.6,0.000271282951248866,-0.000728918531812527,-9.17018907860314e-05,0.000815048770232755
3.61,0.000261608614771663,-0.000715548985300324,-7.01179242292646e-05,0.00076369787339712
3.62,0.00025187002146956,-0.000701608322471265,-4.90807196468725e-05,0.000712836026253678
3.63,0.000242082295536265,-0.000687132525632347,-2.8602727466774e-05,0.000662518176036773
3.64,0.00023226017804156,-0.000672157234406462,-8.69525983546302e-06,0.000612796879946174
3.65,0.000222418018207109,-0.000656717707230081,1.0631490753294e-05,0.00056372230485848
3.66,0.000212569765479873,-0.000640848784525682,2.93684318553089e-05,0.000515342230319911
3.67,0.000202728962390086,-0.000624584853549092,4.75075505545204e-05,0.000467702054717734
3.68,0.00019290873818005,-0.000607959814909686,6.50418920789529e-05,0.000420844804526296
3.69,0.000183121803189366,-0.00059100705075908,8.19655376093026e-05,0.000374811146522578
3.7,0.000173380443981632,-0.000573759394641875,9.82735813348066e-05,0.000329639402865313
3.71,0.000163696519197036,-0.000556249102999856,0.000113962106810437,0.000285365568930938
3.72,0.000154081456114791,-0.000538507828319115,0.000129028162668787,0.000242023333799139
3.73,0.000144546247908818,-0.000520566593907574,0.000143469737739304,0.000199644103280324
3.74,0.000135101451579686,-0.000502455770288563,0.000157285735626725,0.000158257025377156
3.75,0.000125757186545355,-0.000484205053194324,0.000170475948799784,0.000117889018072147
3.76,0.000116523133872918,-0.00046584344314159,0.000183041032240365,7.85647993334346e-05
3.77,0.000107408536133175,-0.000447399226569763,0.000194982476702383,4.03069192310494e-05
3.78,9.84221978595951e-05,-0.00042889995852069,0.00020630258162871,3.13579405632697e-06
3.79,8.95724865929043e-05,-0.000410372446837497,0.000217004427773507,-3.29302576623685e-05
3.8,8.08673344923405e-05,-0.000391842737858613,0.00022709184957627,-6.787497735384e-05
3.81,7.23142404943808e-05,-0.000373336103581705,0.000236569407332853,-0.000101684126913651
3.82,6.39202729995885e-05,-0.000354877030271071,0.000245442359207673,-0.000134345447633726
3.83,5.56920730680773e-05,-0.000336489208480796,0.000253716633130154,-0.000165848617655591
3.84,4.76358581039824e-05,-0.000318195524464899,0.000261398798617347,-0.000196185208049773
3.85,3.9757426009245e-05,-0.000300018052944659,0.00026849603856352,-0.0002253486376227
3.86,3.20621597869674e-05,-0.000281978051202345,0.000275016121036297,-0.000253334126551112
3.87,2.4555032574569e-05,-0.000264095954469679,0.000280967371117748,-0.000280138648942617
3.88,1.72406130869824e-05,-0.000246391372578547,0.000286358642827631,-0.000305760884419494
3.89,1.01230714501576e-05,-0.00022888308784071,0.00029119929116471,-0.000330201168821321
3.9,3.2061854051999e-06,-0.000211589054122598,0.000295499144300886,-0.000353461444120265
3.91,-3.50665313644883e-06,-0.000194526397080639,0.000299268475961588,-0.000375545207641207
3.92,-1.00124312062696e-05,-0.000177711415522024,0.000302517978024629,-0.000396457460676986
3.93,-1.63085075797201e-05,-0.000161159583855335,0.000305258733368459,-0.00041620465658722
3.94,-2.23926052842834e-05,-0.00014488555559502,0.000307502188999477,-0.000434794648467169
3.95,-2.82628038335363e-05,-0.000128903167883357,0.000309260129486805,-0.000452236636471122
3.96,-3.39175312060689e-05,-0.000113225446993226,0.000310544650731622,-0.000468541114872715
3.97,-3.93555555878683e-05,-9.78646147747948e-05,0.000311368134096923,-0.000483719818942471
3.98,-4.45759768965478e-05,-8.2832096008999e-05,0.000311743220922277,-0.000497785671720703
3.99,-4.95782181055494e-05,-6.81385266306193e-05,0.000311682787446882,-0.000510752730761703
4,-5.43620163861762e-05,-5.37937627836382e-05,0.000311199920162993,-0.000522636134922912
4.01,-5.89274140850277e-05,-3.98068906715694e-05,0.000310307891620518,-0.000533452051270491
4.02,-6.32747495541079e-05,-2.61862371654716e-05,0.000309020136702334,-0.0005432176221704
4.03,-6.74046478505597e-05,-1.29393811324426e-05,0.000307350229388673,-0.000551950912631779
4.04,-7.13180113226508e-05,-7.3165447520158e-08,0.000305311860027683,-0.000559670857967068
4.05,-7.50160100982917e-05,1.24062903479082e-05,0.00030291881312806,-0.000566397211830926
4.06,-7.85000724920131e-05,2.4493576777861e-05,0.000300184945688491,-0.000572150494697652
4.07,-8.17718753459642e-05,3.61839805900951e-05,0.000297124166077413,-0.000576951942834404
4.08,-8.48333343201149e-05,4.74734703771161e-05,0.000293750413475514,-0.000580823457825109
4.09,-8.76865941464643e-05,5.83586816956225e-05,0.000290077637892164,-0.000583787556697577
4.1,-9.03340188616568e-05,6.88369017197528e-05,0.000286119780765942,-0.000585867322703914
4.11,-9.27781820320121e-05,7.89060534630828e-05,0.000281890756158242,-0.000587086356801945
4.12,-9.50218569845593e-05,8.85646796038611e-05,0.000277404432547904,-0.000587468729882956
4.13,-9.70680070572556e-05,9.78119259474803e-05,0.000272674615233748,-0.000587038935788697
4.14,-9.8919775881145e-05,0.00010664752455966,0.000267715029350836,-0.000585821845158214
4.15,-0.000100580477706789,0.000115071776603262,0.0002625393035053,-0.000583842660142729
4.16,-0.000102053587786866,0.000123085534911078,0.000257160954031555,-0.000581126870024444
4.17,-0.000103342732826415,0.000130690186326323,0.000251593369874765,-0.000577700207772862
4.18,-0.000104451681511746,0.00013788763384193,0.000245849798100501,-0.000573588607569883
4.19,-0.000105384335128616,0.000144680278569089,0.000239943330032576,-0.00056881816333272
4.2,-0.000106144718279816,0.000151071001564802,0.000233886888019208,-0.000563415088261407
4.21,-0.000106736969711901,0.000157063145547493,0.00022769321282674,-0.000557405675435492
4.22,-0.000107165333260309,0.000162660496529053,0.000221374851659362,-0.000550816259482316
4.23,-0.000107434148921729,0.000167867265390897,0.000214944146802438,-0.000543673179337171
4.24,-0.000107547844062094,0.000172688069430918,0.000208413224886276,-0.000536002742113489
4.25,-0.000107510924768164,0.000177127913907418,0.000201793986766407,-0.00052783118809919
4.26,-0.000107327967350224,0.000181192173605336,0.000195098098015759,-0.000519184656893277
4.27,-0.000107003610002986,0.000184886574449308,0.000188336980023342,-0.000510089154694781
4.28,-0.000106542544631352,0.000188217175187272,0.000181521801693468,-0.000500570522754228
4.29,-0.000105949508847288,0.000191190349167552,0.000174663471738834,-0.000490654406995911
4.3,-0.000105229278143608,0.000193812766231532,0.000167772631560208,-0.000480366228817389
4.31,-0.000104386658250089,0.00019609137474318,0.000160859648704874,-0.000469731157070835
4.32,-0.000103426477676883,0.000198033383775922,0.000153934610895421,-0.00045877408122912
4.33,-0.000102353580449835,0.000199646245476459,0.000147007320619958,-0.000447519585737789
4.34,-0.000101172819041867,0.000200937637624363,0.000140087290274313,-0.000435991925552435
4.35,-9.98890475042354e-05,0.000201915446405404,0.000133183737846312,-0.000424215002859395
4.36,-9.85071148010619e-05,0.000202587749415755,0.000126305583131797,-0.000412212344976105
4.37,-9.70318583501547e-05,0.000202962798913387,0.000119461444471616,-0.000400007083425958
4.38,-9.54680977727815e-05,0.000203049005332147,0.000112659635998432,-0.000387621934181084
4.39,-9.3820628854675e-05,0.000202854921073163,0.000105908165381828,-0.000375079179065027
4.4,-9.2094217720201e-05,0.000202389224587442,9.92147320598698e-05,-0.000362400648305991
4.41,-9.02935952212702e-05,0.000201660704762677,9.2586725944952e-05,-0.000349607704230004
4.42,-8.84234515422318e-05,0.000200678245626491,8.60312265914919e-05,-0.00033672122608213
4.43,-8.64884310216562e-05,0.000199450811377556,7.95550028127604e-05,-0.000323761595962668
4.44,-8.44931271915904e-05,0.000197987431755202,7.31645127339179e-05,-0.000310748685864139
4.45,-8.24420780345536e-05,0.000196297187757391,6.68659042681097e-05,-0.00029770184579378
4.46,-8.03397614582369e-05,0.000194389197716128,6.06650160022906e-05,-0.000284639892965263
4.47,-7.81905909875723e-05,0.000192272603738634,5.45673784792913e-05,-0.000271581102042354
4.48,-7.59989116735519e-05,0.000189956558521855,4.85782158624974e-05,-0.000258543196416319
4.49,-7.3768996217897e-05,0.000187450212547145,4.27024479694025e-05,-0.000245543340498028
4.5,-7.15050413124127e-05,0.000184762701661231,3.69446926602002e-05,-0.000232598133004875
4.51,-6.92111641916013e-05,0.000181903135048869,3.13092685675117e-05,-0.00021972360122187
4.52,-6.68913993968616e-05,0.00017888058360188,2.58001981532957e-05,-0.000206935196215568
4.53,-6.45496957503614e-05,0.000175704068688606,2.04212110789581e-05,-0.000194247788978808
4.54,-6.21899135364409e-05,0.000172382551327126,1.517574787467e-05,-0.000181675667483641
4.55,-5.98158218881858e-05,0.000168924921764941,1.00669638939134e-05,-0.000169232534619258
4.56,-5.74310963765985e-05,0.000165339989467183,5.0977335393034e-06,-0.000156931506991219
4.57,-5.50393167995969e-05,0.00016163647351481,2.70654745781695e-07,-0.000144785114557805
4.58,-5.26439651678797e-05,0.00015782299341361,-4.41194629265689e-06,-0.00013280530107892
4.59,-5.02484238845155e-05,0.00015390806031428,-8.94801016646239e-06,-0.00012100342535256
4.6,-4.78559741149464e-05,0.000149900068643265,-1.33357390779111e-05,-0.000109390263213578
4.61,-4.54697943439297e-05,0.000145807288143486,-1.75735914659152e-05,-9.79760102691567e-05
4.62,-4.30929591157954e-05,0.000141637856323555,-2.16602764416761e-05,-8.67702853451858e-05
4.63,-4.07284379542526e-05,0.000137399771313571,-2.55947480484546e-05,-7.57821346175252e-05
4.64,-3.8379094457845e-05,0.00013310088512507,-2.93761993585709e-05,-6.5020036401988e-05
4.65,-3.60476855670342e-05,0.00012874889731224,-3.30040564205805e-05,-5.44919065767602e-05
4.66,-3.37368609987739e-05,0.000124351349031046,-3.64779720693854e-05,-4.42051046108952e-05
4.67,-3.14491628443341e-05,0.000119915617492458,-3.97978196118477e-05,-3.4166440172486e-05
4.68,-2.91870253260372e-05,0.000115448910805568,-4.29636864002633e-05,-2.43821802901143e-05
4.69,-2.69527747084826e-05,0.000110958263205957,-4.59758673058395e-05,-1.48580570412132e-05
4.7,-2.47486293597556e-05,0.000106450530664299,-4.88348581040908e-05,-5.59927574104862e-06
4.71,-2.25766999580479e-05,0.000101932386869815,-5.15413487838305e-05,3.38947639386991e-06
4.72,-2.04389898390545e-05,9.74103195828294e-05,-5.40962167911922e-05,1.21040211340041e-05
4.73,-1.8337395479459e-05,9.28906273503741e-05,-5.65005202198579e-05,2.05406797025112e-05
4.74,-1.62737071117722e-05,8.8379416578442e-05,-5.87554909584128e-05,2.86962628441663e-05
4.75,-1.42496094657537e-05,8.38825989542157e-05,-6.08625278054724e-05,3.65680605229402e-05
4.76,-1.22666826316139e-05,7.94058892113109e-05,-6.28231895629581e-05,4.41538312734389e-05
4.77,-1.03264030401721e-05,7.49548032308155e-05,-6.46391881176128e-05,5.14517912311241e-05
4.78,-8.43014455513118e-06,7.05346564706623e-05,-6.63123815205626e-05,5.84606028659293e-05
4.79,-6.57917967262126e-06,6.61505627156504e-05,-6.78447670744401e-05,6.51793634435529e-05
4.8,-4.77468082316254e-06,6.18074331402181e-05,-6.92384744372887e-05,7.16075932383527e-05
4.81,-3.01772177120384e-06,5.75099756758845e-05,-7.04957587521681e-05,7.77452235213918e-05
4.82,-1.30927910740441e-06,5.32626946750986e-05,-7.16189938110795e-05,8.35925843467827e-05
4.83,3.49766171155114e-07,4.90698908630802e-05,-7.26106652615227e-05,8.91503921590642e-05
4.84,1.95862699762273e-06,4.49356615690933e-05,-7.34733638636904e-05,9.44197372439039e-05
4.85,3.51660849364637e-06,4.08639012284694e-05,-7.42097788059968e-05,9.94020710439668e-05
4.86,5.02310615399125e-06,3.68583021465856e-05,-7.48226910863259e-05,0.000104099193361322
4.87,6.47760396218706e-06,3.2922355515912e-05,-7.53149669660747e-05,0.000108513239467273
4.88,7.87967244184311e-06,2.90593526771579e-05,-7.56895515037541e-05,0.000112646667139992
4.89,9.22896664821792e-06,2.52723866154877e-05,-7.59494621746006e-05,0.000116502243649842
4.9,1.05252241045747e-05,2.15643536827206e-05,-7.60977825823388e-05,0.000120083032711724
4.91,1.17682626877935e-05,1.79379555363967e-05,-7.61376562689271e-05,0.000123392381423277
4.92,1.29579784676456e-05,1.43957012865658e-05,-7.60722806278075e-05,0.000126433907207185
4.93,1.40943435040693e-05,1.09399098411465e-05,-7.59049009258779e-05,0.000129211484775326
4.94,1.51774036067103e-05,7.57271244070594e-06,-7.56388044390944e-05,0.000131729233131907
4.95,1.62072760609167e-05,4.29605537352582e-06,-7.52773147063151e-05,0.000133991502632174
4.96,1.71841473242983e-05,1.11170286184741e-06,-7.48237859056925e-05,0.000136002862112725
4.97,1.8108270697875e-05,-1.97875988977232e-06,-7.42815973576267e-05,0.000137768086108848
4.98,1.89799639757564e-05,-4.97392349301162e-06,-7.36541481579999e-05,0.000139292142173752
4.99,1.97996070772035e-05,-7.87255103019895e-06,-7.29448519451196e-05,0.000140580178313962
5,2.05676396648343e-05,-1.06735745734774e-05,-7.21571318035173e-05,0.000141637510554555
5.01,2.12845587526378e-05,-1.33760915775229e-05,-7.12944153074631e-05,0.000142469610647352
5.02,2.19509163073704e-05,-1.59793611545299e-05,-7.0360129706785e-05,0.000143082093934558
5.03,2.25673168468054e-05,-1.84828002400762e-05,-6.93576972573049e-05,0.000143480707379786
5.04,2.31344150382102e-05,-2.08859796583726e-05,-6.82905306979402e-05,0.000143671317777804
5.05,2.36529133003225e-05,-2.31886200952835e-05,-6.71620288762573e-05,0.000143659900153743
5.06,2.41235594119957e-05,-2.53905879873802e-05,-6.59755725240036e-05,0.000143452526361956
5.07,2.45471441305779e-05,-2.74918913351548e-05,-6.47345201839e-05,0.000143055353894113
5.08,2.49244988229842e-05,-2.94926754483859e-05,-6.34422042887255e-05,0.000142474614905561
5.09,2.52564931123189e-05,-3.13932186314954e-05,-6.21019273934883e-05,0.000141716605468388
5.1,2.55440325427912e-05,-3.31939278165889e-05,-6.0716958561247e-05,0.000140787675059099
5.11,2.57880562655685e-05,-3.48953341517078e-05,-5.9290529902914e-05,0.000139694216288221
5.12,2.59895347480969e-05,-3.64980885516603e-05,-5.78258332711586e-05,0.000138442654878636
5.13,2.61494675093147e-05,-3.8002957218628e-05,-5.6326017108307e-05,0.000137039439898863
5.14,2.6268880883076e-05,-3.941081713957e-05,-5.47941834479358e-05,0.000135491034257007
5.15,2.63488258119922e-05,-4.07226515672686e-05,-5.32333850696478e-05,0.000133803905460552
5.16,2.63903756737924e-05,-4.19395454916771e-05,-5.16466228063309e-05,0.000131984516646649
5.17,2.63946241421973e-05,-4.3062681108045e-05,-5.00368430030103e-05,0.000130039317887055
5.18,2.63626830841929e-05,-4.40933332881055e-05,-4.84069351262231e-05,0.00012797473777137
5.19,2.62956804954843e-05,-4.50328650604181e-05,-4.67597295226745e-05,0.000125797175271741
5.2,2.61947584758051e-05,-4.58827231057636e-05,-4.50979953257635e-05,0.000123512991891699
5.21,2.60610712456532e-05,-4.66444332732938e-05,-4.34244385084099e-05,0.000121128504101358
5.22,2.58957832059195e-05,-4.73195961229341e-05,-4.17417000804592e-05,0.000118649976060723
5.23,2.57000670417739e-05,-4.79098824993435e-05,-4.0052354428798e-05,0.000116083612632416
5.24,2.54751018720718e-05,-4.84170291425274e-05,-3.8358907798171e-05,0.000113435552684695
5.25,2.5222071445445e-05,-4.88428343400024e-05,-3.66637969105614e-05,0.000110711862685227
5.26,2.49421623841396e-05,-4.91891536252034e-05,-3.49693877208698e-05,0.000107918530585641
5.27,2.46365624765705e-05,-4.94578955266229e-05,-3.32779743065073e-05,0.000105061459996512
5.28,2.43064590194626e-05,-4.96510173719676e-05,-3.15917778884103e-05,0.000102146464652032
5.29,2.39530372103586e-05,-4.97705211514148e-05,-2.99129459808758e-05,9.91792631632547e-05
5.3,2.3577478591177e-05,-4.98184494438452e-05,-2.82435516675199e-05,9.61654740584258e-05
5.31,2.31809595434189e-05,-4.97968814097304e-05,-2.65855930005722e-05,9.31106111085826e-05
5.32,2.2764649835528e-05,-4.97079288541504e-05,-2.4940992520629e-05,9.00200789362585e-05
5.33,2.23297112228274e-05,-4.9553732363215e-05,-2.33115968939166e-05,8.68991689048107e-05
5.34,2.18772961003677e-05,-4.93364575169678e-05,-2.16991766640365e-05,8.3753055285578e-05
5.35,2.14085462089416e-05,-4.90582911816524e-05,-2.01054261151056e-05,8.05867916997835e-05
5.36,2.09245913944388e-05,-4.87214378840261e-05,-1.85319632431387e-05,7.74053078318091e-05
5.37,2.04265484206368e-05,-4.83281162702159e-05,-1.69803298324717e-05,7.42134064102035e-05
5.38,1.9915519835448e-05,-4.78805556514179e-05,-1.54519916339745e-05,7.10157604525264e-05
5.39,1.93925928905694e-05,-4.73809926385567e-05,-1.39483386417593e-05,6.78169107698879e-05
5.4,1.88588385144102e-05,-4.68316678678355e-05,-1.24706854650584e-05,6.46212637268126e-05
5.41,1.83153103381027e-05,-4.62348228189249e-05,-1.10202717919104e-05,6.14330892518386e-05
5.42,1.77630437743372e-05,-4.559269672736e-05,-9.59826294127315e-06,5.82565190940575e-05
5.43,1.72030551486946e-05,-4.49075235925408e-05,-8.2057505001587e-06,5.50955453206099e-05
5.44,1.66363408830911e-05,-4.41815292825563e-05,-6.84375304237439e-06,5.19540190499682e-05
5.45,1.6063876730887e-05,-4.34169287368865e-05,-5.51321692544315e-06,4.88356494156748e-05
5.46,1.54866170631583e-05,-4.26159232678682e-05,-4.21501716227269e-06,4.57440027550472e-05
5.47,1.49054942055697e-05,-4.17806979616521e-05,-2.94995836414384e-06,4.26825020172168e-05
5.48,1.4321417825241e-05,-4.09134191792198e-05,-1.71877575159352e-06,3.96544263847413e-05
5.49,1.37352743669442e-05,-4.0016232157874e-05,-5.22136229777736e-07,3.66629111029074e-05
5.5,1.31479265379243e-05,-3.90912587134686e-05,6.39360475085773e-07,3.37109475107359e-05
5.51,1.25602128405892e-05,-3.81405950434976e-05,1.7651806215772e-06,3.0801383267604e-05
5.52,1.19729471522727e-05,-3.71663096310208e-05,2.85485520459616e-06,2.79369227693141e-05
5.53,1.13869183512346e-05,-3.61704412492686e-05,3.90797865587794e-06,2.51201277473662e-05
5.54,1.08028899880219e-05,-3.51549970666331e-05,4.92420749680756e-06,2.23534180451259e-05
5.55,1.02216000012818e-05,-3.4121950851626e-05,5.90325894680048e-06,1.96390725645288e-05
5.56,9.64376047708042e-06,-3.30732412772602e-05,6.84490949048201e-06,1.69792303769188e-05
5.57,9.07005745075537e-06,-3.20107703241902e-05,7.74899340685654e-06,1.43758919915856e-05
5.58,8.50115075029472e-06,-3.09364017818347e-05,8.61540126361435e-06,1.18309207755443e-05
5.59,7.93767388021417e-06,-2.98519598465908e-05,9.44407837967682e-06,9.34604451808702e-06
5.6,7.38023394487619e-06,-2.87592278161463e-05,1.02350232590315e-05,6.92285713363113e-06
5.61,6.82941161017425e-06,-2.76599468787931e-05,1.09882859988562e-05,4.56282049639651e-06
5.62,6.28576110248454e-06,-2.65558149965483e-05,1.1703966674877e-05,2.2672664004548e-06
5.63,5.74981024376974e-06,-2.54484858807986e-05,1.23822137068463e-05,3.7398638718113e-08
5.64,5.22206052170354e-06,-2.43395680590926e-05,1.3023222206971e-05,-2.12570480553606e-06
5.65,4.70298719367051e-06,-2.32306240316262e-05,1.36272323140555e-05,-4.22108946096874e-06
5.66,4.19303942348393e-06,-2.21231695158842e-05,1.41945275160632e-05,-6.24792197063148e-06
5.67,3.69264044965455e-06,-2.10186727778288e-05,1.47254329637359e-05,-8.20548760083275e-06
5.68,3.20218778403465e-06,-1.99185540479542e-05,1.52203137778398e-05,-1.00931876626254e-05
5.69,2.72205343965576e-06,-1.88241850204628e-05,1.56795733525437e-05,-1.19105368520547e-05
5.7,2.25258418657406e-06,-1.7736888433755e-05,1.61036516573607e-05,-1.36571605152344e-05
5.71,1.79410183453439e-06,-1.665793773037e-05,1.64930235400164e-05,-1.53327918442379e-05
5.72,1.3469035412632e-06,-1.55885567944602e-05,1.68481970325337e-05,-1.6937269009708e-05
5.73,9.11262145201124e-07,-1.45299197648356e-05,1.71697116627518e-05,-1.84705322359979e-05
5.74,4.87426521488271e-07,-1.34831509215671e-05,1.7458136773422e-05,-1.99326208245593e-05
5.75,7.56219600191046e-08,-1.24493246441012e-05,1.77140698509496e-05,-2.13236701311952e-05
5.76,-3.23949435610971e-07,-1.14294654387987e-05,1.79381348657762e-05,-2.26439085026875e-05
5.77,-7.11108329438346e-07,-1.0424548033781e-05,1.81309806263185e-05,-2.38936541782009e-05
5.78,-1.0856977159062e-06,-9.43549753893549e-06,1.8293279148308e-05,-2.50733121607514e-05
5.79,-1.44758246523519e-06,-8.46318966891061e-06,1.84257240412957e-05,-2.61833710639088e-05
5.8,-1.7966488525324e-06,-7.50845102690694e-06,1.85290289140118e-05,-2.72243999387825e-05
5.81,-2.13280407176924e-06,-6.57205944705591e-06,1.86039258001939e-05,-2.81970450862159e-05
5.82,-2.45597573574562e-06,-5.65474439316198e-06,1.86511636064202e-05,-2.9102026858986e-05
5.83,-2.76611136314344e-06,-4.75718741157489e-06,1.86715065834075e-05,-2.99401364586758e-05
5.84,-3.06317785375704e-06,-3.88002263595114e-06,1.86657328221612e-05,-3.07122327317545e-05
5.85,-3.34716095297184e-06,-3.02383734166021e-06,1.8634632776284e-05,-3.14192389692653e-05
5.86,-3.61806470654483e-06,-2.18917254759061e-06,1.85790078116801e-05,-3.20621397143836e-05
5.87,-3.87591090672243e-06,-1.37652366311304e-06,1.84996687848131e-05,-3.26419775819711e-05
5.88,-4.120738530712e-06,-5.8634117796391e-07,1.83974346506059e-05,-3.31598500941102e-05
5.89,-4.35260317250306e-06,1.80968607179569e-07,1.82731311009939e-05,-3.3616906535462e-05
5.9,-4.57157646901395e-06,9.25042811649961e-07,1.8127589235074e-05,-3.40143448321491e-05
5.91,-4.77774552151764e-06,1.64556116946943e-06,1.79616442617186e-05,-3.43534084577229e-05
5.92,-4.97121231327875e-06,2.34224518994581e-06,1.77761342354536e-05,-3.46353833696278e-05
5.93,-5.15209312431076e-06,3.01485728635287e-06,1.75718988263313e-05,-3.48615949794349e-05
5.94,-5.32051794413922e-06,3.66319987484165e-06,1.73497781244584e-05,-3.50334051599704e-05
5.95,-5.47662988343294e-06,4.28711444570556e-06,1.71106114797751e-05,-3.51522092923232e-05
5.96,-5.62058458534087e-06,4.88648060909665e-06,1.68552363776124e-05,-3.52194333555673e-05
5.97,-5.75254963734762e-06,5.4612151172622e-06,1.65844873504927e-05,-3.52365310618974e-05
5.98,-5.87270398443549e-06,6.01127086534074e-06,1.62991949265729e-05,-3.52049810397283e-05
5.99,-5.98123734431562e-06,6.53663587272519e-06,1.60001846150692e-05,-3.5126284067169e-05
6,-6.07834962546505e-06,7.0373322469668e-06,1.56882759289411e-05,-3.50019603581415e-05
