Czas,Pozycja_X,Pozycja_Y,Kat_Alpha,Kat_Beta,Silownik_1,Silownik_2,Silownik_3
0,0.12,-0.1,0,0,0,0,0
0.01,0.12,-0.1,-0.000268328157299975,0.000223606797749979,6.70820393249938e-05,3.61726805692367e-05,-0.000103254719894231
0.02,0.12,-0.1,-0.000779492000579676,0.00064957666714973,0.000194873000144919,0.000105081462292167,-0.000299954462437085
0.03,0.119999811978627,-0.0999998433155224,-0.00150921135412838,0.00125767612844031,0.000377302838532094,0.000203453192440479,-0.000580756030972573
0.04,0.119999077756073,-0.0999992314633945,-0.00243438510087597,0.00202865425072997,0.000608596275218992,0.000328173664376384,-0.000936769939595375
0.05,0.119997286007564,-0.0999977383396366,-0.00353305835114275,0.00294421529261896,0.000883264587785688,0.000476283191649872,-0.00135954777943556
0.06,0.119993788450637,-0.0999948237088645,-0.00478439001932484,0.0039869916827707,0.00119609750483121,0.000644972237088805,-0.00184106974192001
0.07,0.119987815229252,-0.0999898460243765,-0.00616862081087831,0.00514051734239859,0.00154215520271958,0.000831577097200406,-0.00237373229991998
0.08,0.119978489517431,-0.0999820745978595,-0.00766704162209008,0.00638920135174173,0.00191676040552252,0.00103357564221954,-0.00295033604774206
0.09,0.119964841364886,-0.0999707011374046,-0.00926196235522656,0.0077183019626888,0.00231549058880664,0.00124858311215309,-0.00356407370095973
0.1,0.119945820806746,-0.0999548506722883,-0.0109366811517344,0.00911390095977871,0.00273417028793361,0.00147434796918094,-0.00420851825711455
0.11,0.11992031025927,-0.0999335918827253,-0.0126754540462301,0.0105628783718584,0.00316886351155752,0.00170874780678249,-0.00487761131834001
0.12,0.119887136223073,-0.0999059468525612,-0.0144634650440572,0.0120528875367144,0.00361586626101431,0.00194978531596338,-0.00556565157697769
0.13,0.119845080315148,-0.0998709002626236,-0.0162867966252176,0.0135723305210147,0.0040716991563044,0.00219558430896053,-0.00626728346526493
0.14,0.119792889650646,-0.099827408042205,-0.018132400677483,0.0151103338979025,0.00453310016937074,0.00244438580080415,-0.00697748597017489
0.15,0.11972928659508,-0.0997744054958998,-0.0199880698614877,0.0166567248845731,0.00499701746537194,0.00269454414911398,-0.00769156161448592
0.16,0.119652977907325,-0.0997108149227705,-0.0218424094105703,0.0182020078421419,0.00546060235264258,0.00294452325250296,-0.00840512560514554
0.17,0.119562663293474,-0.0996355527445613,-0.0236848093680865,0.0197373411400721,0.00592120234202162,0.00319289280795555,-0.00911409514997717
0.18,0.119457043391314,-0.0995475361594285,-0.0255054172648579,0.0212545143873816,0.00637635431621448,0.00343832462753951,-0.00981467894375399
0.19,0.119334827204876,-0.0994456893373968,-0.0272951112393417,0.0227459260327847,0.00682377780983542,0.0036795890147999,-0.0105033668246353
0.2,0.119194739008198,-0.099328949173498,-0.0290454736030162,0.0242045613358469,0.00726136840075406,0.00391555120117169,-0.0111769196019257
0.21,0.119035524737143,-0.0991962706142862,-0.0307487648533763,0.0256239707111469,0.00768719121334408,0.00414516784273335,-0.0118323590560774
0.22,0.1188559578878,-0.0990466315731669,-0.0323978981368105,0.0269982484473421,0.00809947453420262,0.00436748357760821,-0.0124669581118108
0.23,0.118654844939656,-0.0988790374497135,-0.0339864141635068,0.0283220118029224,0.00849660354087671,0.0045816276443025,-0.0130782311851792
0.24,0.118431030321461,-0.0986925252678839,-0.0355084565763912,0.029590380480326,0.0088771141440978,0.00478681056125052,-0.0136639247053483
0.25,0.118183400937341,-0.0984861674477838,-0.0369587477759495,0.0307989564799579,0.00923968694398737,0.00498232086781648,-0.0142220078118038
0.26,0.117910890270434,-0.0982590752253614,-0.0383325652026257,0.0319438043355214,0.00958314130065643,0.00516752192698096,-0.0147506632276374
0.27,0.117612482080978,-0.0980104017341484,-0.0396257180783138,0.0330214317319282,0.00990642951957846,0.00534184878991679,-0.0152482783094953
0.28,0.117287213715477,-0.0977393447628974,-0.0408345246082824,0.034028770506902,0.0102086311520706,0.00550480512263471,-0.0157134362747053
0.29,0.116934179043237,-0.0974451492026972,-0.0419557896446826,0.0349631580372355,0.0104889474111706,0.00565596019485404,-0.0161449076060247
0.3,0.116552531036253,-0.0971271091968774,-0.0429867828125945,0.0358223190104954,0.0107466957031486,0.00579494593122702,-0.0165416416343756
0.31,0.116141484008097,-0.0967845700067473,-0.0439252170993637,0.0366043475828031,0.0109813042748409,0.00592145402501822,-0.0169027582998591
0.32,0.115700315527127,-0.0964169296059391,-0.0447692279077723,0.0373076899231436,0.0111923069769431,0.00603523311431229,-0.0172275400912554
0.33,0.115228368019032,-0.0960236400158604,-0.0455173525733734,0.0379311271444779,0.0113793381433434,0.00613608602079464,-0.017515424164138
0.34,0.114725050073383,-0.0956042083944855,-0.0461685103461014,0.0384737586217512,0.0115421275865254,0.00622386705111988,-0.0177659946376452
0.35,0.114189837468537,-0.0951581978904473,-0.0467219828360445,0.0389349856967038,0.0116804957090111,0.00629847936085296,-0.0179789750698641
0.36,0.113622273928941,-0.0946852282741177,-0.0471773949230428,0.0393144957692024,0.0117943487307607,0.00635987238093748,-0.0181542211116982
0.37,0.113021971628516,-0.0941849763570963,-0.0475346961295424,0.0396122467746187,0.0118836740323856,0.00640803930661447,-0.0182917133390001
0.38,0.112388611453505,-0.0936571762112538,-0.0477941424559071,0.0398284520465893,0.0119485356139768,0.006443014648684,-0.0183915502626608
0.39,0.111721943037848,-0.0931016191982071,-0.0479562786771538,0.0399635655642948,0.0119890696692885,0.00646487184697013,-0.0184539415162586
0.4,0.1110217845838,-0.0925181538198334,-0.0480219210998437,0.0400182675832031,0.0120054802749609,0.00647372094581852,-0.0184792012207794
0.41,0.110288022480193,-0.0919066854001608,-0.0479921407776256,0.0399934506480213,0.0119980351944064,0.00646970633142365,-0.0184677415258301
0.42,0.109520610730444,-0.091267175608703,-0.0478682471836921,0.0398902059864101,0.011967061795923,0.00645300453075156,-0.0184200663266746
0.43,0.108719570202049,-0.0905996418350412,-0.0476517723381736,0.0397098102818113,0.0119129430845434,0.00642382207179158,-0.018336765156335
0.44,0.107884987709022,-0.0899041564241846,-0.0473444553882619,0.0394537128235516,0.0118361138470655,0.00638239340483942,-0.0182185072519049
0.45,0.107017014938377,-0.0891808457819806,-0.04694822763862,0.0391235230321834,0.011737056909655,0.00632897888448239,-0.0180660357941374
0.46,0.106115867231492,-0.0884298893595766,-0.0464651980294048,0.0387209983578374,0.0116162995073512,0.00626386281192616,-0.0178801623192774
0.47,0.105181822230812,-0.0876515185256765,-0.0458976390590002,0.0382480325491668,0.01147440976475,0.00618735153727189,-0.0176617613020219
0.48,0.104215218402084,-0.08684601533507,-0.0452479731483301,0.0377066442902751,0.0113119932870825,0.00609977162132174,-0.0174117649084043
0.49,0.103216453441987,-0.0860137112016558,-0.0445187594433999,0.0370989662028332,0.01112968986085,0.00600146805646082,-0.0171311579173108
0.5,0.102185982580705,-0.085154985483921,-0.0437126810524912,0.0364272342104093,0.0109281702631228,0.00589280254613382,-0.0168209728092566
0.51,0.101124316788699,-0.0842702639905827,-0.0428325327142228,0.0356937772618523,0.0107081331785557,0.00577415184240565,-0.0164822850209614
0.52,0.100032020896613,-0.0833600174138441,-0.0418812088924748,0.0349010074103957,0.0104703022231187,0.00564590614106643,-0.0161162083641851
0.53,0.0989097116369604,-0.082424759697467,-0.0408616922939673,0.0340514102449728,0.0102154230734918,0.00550846753371365,-0.0157238906072055
0.54,0.0977580556159339,-0.0814650463466116,-0.0397770428040823,0.0331475356700686,0.00994426070102059,0.0053622485162166,-0.0153065092172372
0.55,0.0965777672233786,-0.0804814726861489,-0.0386303868363182,0.0321919890302652,0.00965759670907955,0.00520767055294168,-0.0148652672620212
0.56,0.095369606488687,-0.0794746720739059,-0.0374249070905756,0.0311874225754797,0.0093562267726439,0.0050451626960913,-0.0144013894687352
0.57,0.0941343768900766,-0.0784453140750638,-0.0361638327152858,0.0301365272627382,0.00904095817882145,0.00487516025948376,-0.0139161184383052
0.58,0.0928729231244262,-0.0773941026036885,-0.0348504298682118,0.0290420248901765,0.00871260746705294,0.00469810354607734,-0.0134107110131303
0.59,0.0915861288445661,-0.0763217740371384,-0.0334879926705778,0.0279066605588148,0.00837199816764445,0.00451443662851802,-0.0128864347961625
0.6,0.090274914370634,-0.0752290953088617,-0.0320798345490153,0.0267331954575128,0.00801995863725384,0.00432460618196778,-0.0123445648192216
0.61,0.0889402343818378,-0.0741168619848648,-0.0306292799596497,0.0255243999663748,0.00765731998991243,0.00412906036844846,-0.0117863803583609
0.62,0.0875830755946897,-0.0729858963289081,-0.0291396564884985,0.0242830470737487,0.00728491412212462,0.00392824777191521,-0.0112131618940398
0.63,0.0862044544335127,-0.0718370453612606,-0.027614287322203,0.0230119061018358,0.00690357183055075,0.00372261638325373,-0.0106261882138045
0.64,0.0848054146987534,-0.0706711789156279,-0.0260564840829734,0.0217137367358112,0.00651412102074336,0.00351261263437628,-0.0100267336551196
0.65,0.0833870252383777,-0.0694891876986481,-0.024469540021493,0.0203912833512442,0.00611738500537325,0.00329868048057326,-0.00941606548594651
0.66,0.0819503776273695,-0.0682919813561413,-0.0228567235614007,0.0190472696345006,0.00571418089035018,0.00308126053026032,-0.0087954414206105
0.67,0.0804965838601034,-0.0670804865500862,-0.0212212721888516,0.0176843934907096,0.00530531804721289,0.00286078922124445,-0.00816610726845734
0.68,0.0790267740601132,-0.0658556450500943,-0.01956638668054,0.0163053222337834,0.00489159667013501,0.00263769804261764,-0.00752929471275265
0.69,0.0775420942115393,-0.0646184118429494,-0.0178952256634698,0.0149126880528915,0.00447380641586744,0.0024124128013723,-0.00688621921723973
0.7,0.0760437039162985,-0.063369753263582,-0.016210900499652,0.01350908374971,0.00405272512491299,0.00218535293281964,-0.00623807805773263
0.71,0.0745327741807892,-0.0621106451506576,-0.014516470488828,0.01209705874069,0.00362911762220699,0.00195693085388015,-0.00558604847608714
0.72,0.0730104852357155,-0.0608420710297629,-0.0128149383822265,0.010679115318522,0.00320373459555661,0.00172755135830381,-0.00493128595386042
0.73,0.0714780243923921,-0.0595650203269934,-0.0111092462002925,0.00925770516691044,0.00277731155007313,0.00149761105286816,-0.00427492260294129
0.74,0.0699365839386738,-0.0582804866155615,-0.00940227134725807,0.00783522612271505,0.00235056783681452,0.00126749783359275,-0.00361806567040727
0.75,0.0683873590774394,-0.0569894658978662,-0.0076968230153624,0.00641401917946866,0.0019242057538406,0.00103759040100068,-0.00296179615484127
0.76,0.0668315459103538,-0.0556929549252948,-0.00599563887148088,0.00499636572623406,0.00149890971787022,0.000808257813450863,-0.00230716753132108
0.77,0.0652703394694268,-0.0543919495578556,-0.00430138201887335,0.00358448501572778,0.00107534550471833,0.000579859077558607,-0.00165520458227694
0.78,0.0637049317986905,-0.0530874431655754,-0.00261663822672732,0.0021805318556061,0.000654159556681829,0.000352742774716884,-0.00100690233139871
0.79,0.0621365100881252,-0.0517804250734377,-0.000943913420140661,0.000786594516783877,0.000235978355035163,0.000127246722726879,-0.000363225077762041
0.8,0.060566254861774,-0.0504718790514783,0.000714368576834809,-0.000595307147362349,-0.000178592144208705,-9.63023284569318e-05,0.000274894472665637
0.81,0.0589953382218048,-0.049162781851504,0.00235586805248245,-0.00196322337706872,-0.000588967013120616,-0.000317588967863885,0.000906555980984501
0.82,0.0574249221501026,-0.0478541017917522,0.00397833118044553,-0.00331527598370462,-0.000994582795111385,-0.000536309362524376,0.00153089215763576
0.83,0.0558561568688001,-0.0465467973906667,0.00557959156189163,-0.00464965963490971,-0.00139489789047291,-0.000752171465365379,0.00214706935583829
0.84,0.054290179260989,-0.0452418160508242,0.00715757154421599,-0.00596464295351334,-0.001789392886054,-0.000964895192981699,0.0027542880790357
0.85,0.0527281113526938,-0.0439400927939115,0.00871028332367061,-0.00725856943639219,-0.00217757083091766,-0.00117421257427878,0.00335178340519644
0.86,0.0511710588570306,-0.0426425490475255,0.0102358298392879,-0.00852985819940657,-0.00255895745982197,-0.00137986787098044,0.00393882533080241
0.87,0.049620109781325,-0.0413500914844375,0.0117324054654419,-0.00977700455453495,-0.00293310136636048,-0.00158161767099139,0.00451471903735187
0.88,0.0480763330978139,-0.0400636109148449,0.01319829651036,-0.0109985804253001,-0.00329957412759002,-0.00177923095560038,0.0050788050831904
0.89,0.0465407774784182,-0.0387839812320151,0.0146318815278582,-0.0121932346065485,-0.00365797038196455,-0.00197248914150456,0.00563045952346911
0.9,0.0450144700939344,-0.037512058411612,0.0160316314495317,-0.0133596928746098,-0.00400790786238294,-0.00216118609862974,0.00616909396101267
0.91,0.043498415477864,-0.0362486795648867,0.0173961095445824,-0.0144967579538187,-0.00434902738614561,-0.00234512814471479,0.0066941555308604
0.92,0.0419935944549737,-0.0349946620458114,0.0187239712144079,-0.01560330934534,-0.00468099280360199,-0.00252413401762076,0.00720512682122275
0.93,0.0405009631345571,-0.0337508026121309,0.0200139636290188,-0.0166783030241823,-0.00500349090725469,-0.00269803482631707,0.00770152573357176
0.94,0.0390214519682557,-0.0325178766402131,0.021264925212282,-0.017720771010235,-0.0053162313030705,-0.00286667398148847,0.00818290528455896
0.95,0.037555964872183,-0.0312966373934858,0.0224757849829195,-0.0187298208190996,-0.00561894624572987,-0.00302990710669658,0.00864885335242645
0.96,0.0361053784129911,-0.0300878153441592,0.0236455617581119,-0.0197046347984266,-0.00591139043952799,-0.00318760193101964,0.00909899237054762
0.97,0.0346705410574194,-0.0288921175478495,0.024773363226479,-0.0206444693553992,-0.00619334080661975,-0.00333963816408313,0.00953297897070287
0.98,0.0332522724847654,-0.0277102270706378,0.0258583848971197,-0.0215486540809331,-0.00646459622427992,-0.00348590735438249,0.0099505035786624
0.99,0.0318513629616293,-0.0265428024680244,0.0268999089313077,-0.0224165907760898,-0.00672497723282694,-0.00362631273178665,0.0103512899646136
1,0.0304685727781962,-0.0253904773151635,0.027897302863341,-0.0232477523861175,-0.00697432571583525,-0.00376076903509887,0.0107350947509341
1.01,0.0291046317452356,-0.0242538597876963,0.028850018216946,-0.024041681847455,-0.00721250455423651,-0.00388920232553747,0.011101706879774
1.02,0.0277602387509243,-0.0231335322924369,0.0297575890235368,-0.0247979908529473,-0.0074393972558842,-0.00401154978698584,0.01145094704287
1.03,0.0264360613765207,-0.0220300511471006,0.0306196302485196,-0.025516358540433,-0.00765490756212991,-0.00412775951384637,0.0117826670759763
1.04,0.0251327355698543,-0.0209439463082119,0.0314358361317277,-0.0261965301097731,-0.00785895903293192,-0.00423779028731831,0.0120967493202502
1.05,0.0238508653755264,-0.019875721146272,0.0322059784479546,-0.0268383153732955,-0.00805149461198865,-0.00434161134090451,0.0123931059528932
1.06,0.0225910227206593,-0.0188258522672161,0.0329299046934418,-0.0274415872445349,-0.00823247617336047,-0.00443920211593608,0.0126716782892965
1.07,0.0213537472549761,-0.0177947893791467,0.033607536204055,-0.0280062801700459,-0.00840188405101376,-0.00453055200788819,0.0129324360589019
1.08,0.0201395462439388,-0.0167829552032823,0.0342388662107627,-0.0285323885089689,-0.00855971655269068,-0.0046156601042438,0.0131753766569345
1.09,0.0189488945136274,-0.0157907454280228,0.0348239578379081,-0.0290199648649235,-0.00870598945947705,-0.00469453491464548,0.0134005243741225
1.1,0.0177822344459965,-0.014818528704997,0.0353629420496371,-0.0294691183746976,-0.00884073551240929,-0.00476719409405816,0.0136079296064674
1.11,0.0166399760231077,-0.0138666466859231,0.0358560155497172,-0.0298800129580977,-0.0089640038874293,-0.00483366415964883,0.0137976680470781
1.12,0.015522496918898,-0.0129354140990817,0.0363034386398536,-0.0302528655332114,-0.00907585965996342,-0.00489398020207114,0.0139698398620346
1.13,0.0144301426370128,-0.0120251188641773,0.0367055330414748,-0.030587944201229,-0.0091763832603687,-0.00494818559182552,0.0141245688521942
1.14,0.013363226693203,-0.0111360222443359,0.0370626796858263,-0.0308855664048553,-0.00926566992145658,-0.00499633168134701,0.0142620016028036
1.15,0.0123220308407602,-0.0102683590339669,0.037375316477079,-0.0311460970642326,-0.00934382911926977,-0.00503847750345518,0.0143823066227249
1.16,0.0113068053374401,-0.00942233778120011,0.0376439360330194,-0.0313699466941829,-0.00941098400825487,-0.00507468946678194,0.0144856734750368
1.17,0.0103177692523086,-0.00859814104359051,0.0378690834077534,-0.0315575695064612,-0.00946727085193836,-0.00510504104877469,0.0145723119007131
1.18,0.00935511081092597,-0.00779592567577163,0.0380513538007183,-0.0317094615005986,-0.00951283845017959,-0.00512961248685369,0.0146424509370333
1.19,0.00841898777727403,-0.00701582314772834,0.0381913902561579,-0.0318261585467983,-0.00954784756403949,-0.00514849046828373,0.0146963380323232
1.2,0.00750952787082102,-0.00625793989235083,0.0382898813570772,-0.031908234464231,-0.00957247033926931,-0.00516176781930166,0.014734238158571
1.21,0.00662682921711179,-0.00552235768092647,0.0383475589175542,-0.0319562990979619,-0.00958688972938856,-0.00516954319402245,0.014756432923411
1.22,0.00577096083026776,-0.00480913402522312,0.0383651956771473,-0.0319709963976228,-0.00959129891928684,-0.00517192076362774,0.0147632196829146
1.23,0.00494196312577954,-0.00411830260481627,0.0383436030009966,-0.0319530025008305,-0.00958590075024916,-0.00516900990632191,0.0147549106565711
1.24,0.00413984846197652,-0.00344987371831375,0.038283628589079,-0.0319030238242325,-0.00957090714726976,-0.00516092489852231,0.0147318320457921
1.25,0.00336460170856205,-0.00280383475713503,0.0381861541979388,-0.031821795164949,-0.0095465385494847,-0.00514778460773108,0.0146943231572158
1.26,0.00261618084060894,-0.00218015070050743,0.0380520933780757,-0.0317100778150632,-0.00951302334451895,-0.00512971218751789,0.0146427355320368
1.27,0.0018945175564188,-0.00157876463034899,0.0378823892300371,-0.0315686576916976,-0.00947059730750928,-0.005106834775024,0.0145774320825333
1.28,0.00119951791766002,-0.000999598264716669,0.0376780121821204,-0.0313983434851004,-0.00941950304553012,-0.0050792831913797,0.0144987862369098
1.29,0.000531063010211714,-0.000442552508509747,0.0374399577924621,-0.0311999648270518,-0.00935998944811553,-0.00504719164540903,0.0144071810935246
1.3,-0.000110990375843263,9.24919798694011e-05,0.0371692445781467,-0.030974370481789,-0.00929231114453669,-0.00501069744097728,0.014303008585514
1.31,-0.000726809048616523,0.000605674207180451,0.036866911873844,-0.0307224265615367,-0.00921672796846102,-0.00496994068831882,0.0141866686567798
1.32,-0.00131658270072467,0.0010971522506039,0.0365340177223432,-0.0304450147686194,-0.00913350443058582,-0.00492506401966513,0.014058568450251
1.33,-0.00188052318101264,0.00156710265084388,0.0361716367992264,-0.030143030666022,-0.00904290919980661,-0.00487621230947493,0.0139191215092815
1.34,-0.00241886375316802,0.0020157197943067,0.0357808583737921,-0.0298173819781601,-0.00894521459344803,-0.00482353239955112,0.0137687469929991
1.35,-0.00293185834268053,0.00244321528556712,0.0353627843082126,-0.0294689869235106,-0.00884069607705317,-0.00476717282931198,0.0136078689063651
1.36,-0.00341978077357539,0.00284981731131284,0.0349185270967829,-0.0290987725806524,-0.00872963177419572,-0.00470728357146691,0.0134369153456626
1.37,-0.00388292399632286,0.00323576999693573,0.0344492079469927,-0.0287076732891606,-0.00861230198674819,-0.00464401577333045,0.0132563177600786
1.38,-0.00432159930829751,0.0036013327569146,0.0339559549040357,-0.0282966290866964,-0.00848898872600893,-0.00457752150399165,0.0130665102300006
1.39,-0.00473613556813216,0.00394677964011014,0.0334399010202426,-0.0278665841835355,-0.00835997525506066,-0.00450795350753985,0.0128679287626005
1.4,-0.00512687840528048,0.00427239867106708,0.0329021825708139,-0.0274184854756783,-0.00822554564270349,-0.00443546496253179,0.0126610106052353
1.41,-0.00549418942607105,0.00457849118839255,0.0323439373171064,-0.0269532810975887,-0.00808598432927661,-0.0043602092478694,0.012446193577146
1.42,-0.00583844541750306,0.00486537118125256,0.031766302818617,-0.0264719190155142,-0.00794157570465425,-0.00428233971524233,0.0122239154198966
1.43,-0.00616003755000074,0.00513336462500063,0.0311704147946945,-0.0259753456622455,-0.00779260369867364,-0.00420200946827431,0.0119946131669479
1.44,-0.00645937058030908,0.00538280881692424,0.0305574055369025,-0.0254645046140854,-0.00763935138422563,-0.00411937114849743,0.0117587225327231
1.45,-0.00673686205567914,0.00561405171306596,0.0299284023728466,-0.0249403353107055,-0.00748210059321165,-0.00403457672826446,0.0115166773214761
1.46,-0.00699294152045513,0.00582745126704595,0.0292845261821798,-0.0244037718184832,-0.00732113154554495,-0.00394777731069499,0.0112689088562399
1.47,-0.00722804972613986,0.00602337477178322,0.0286268899653941,-0.0238557416378285,-0.00715672249134854,-0.00385912293673768,0.0110158454280862
1.48,-0.00744263784597836,0.00620219820498197,0.02795659746591,-0.023297164554925,-0.0069891493664775,-0.00376876239941736,0.0107579117658949
1.49,-0.00763716669506254,0.00636430557921879,0.0272747418458775,-0.0227289515382312,-0.00681868546146937,-0.00367684306532303,0.0104955285267924
1.5,-0.00781210595692239,0.00651008829743533,0.026582404416011,-0.0221520036800092,-0.00664560110400275,-0.00358351070337978,0.0102291118073825
1.51,-0.00796793341753167,0.00663994451460973,0.0258806534196866,-0.0215672111830722,-0.00647016335492165,-0.00348890932093594,0.00995907267585759
1.52,-0.00810513420761801,0.00675427850634835,0.0251705428714442,-0.0209754523928702,-0.00629263571786106,-0.00339318100718427,0.00968581672504533
1.53,-0.00822420005412956,0.00685350004510797,0.0244531114499512,-0.0203775928749593,-0.0061132778624878,-0.00329646578392506,0.00940974364641286
1.54,-0.0083256285416719,0.00693802378472659,0.0237293814454009,-0.0197744845378341,-0.00593234536135024,-0.00319890146366738,0.00913124682501761
1.55,-0.0084099223846911,0.00700826865390926,0.0230003577612407,-0.0191669648010339,-0.00575008944031018,-0.00310062351505442,0.00885071295536459
1.56,-0.00847758871114034,0.00706465725928363,0.0222670269700456,-0.0185558558083714,-0.00556675674251141,-0.00300176493558812,0.00856852167809953
1.57,-0.00852913835832974,0.00710761529860813,0.0215303564232822,-0.0179419636860685,-0.00538258910582056,-0.00290245613161849,0.00828504523743905
1.58,-0.00856508518162085,0.00713757098468405,0.0207912934146326,-0.0173260778455272,-0.00519782335365816,-0.00280282480555331,0.00800064815921147
1.59,-0.00858594537658964,0.00715495448049137,0.0200507643964831,-0.0167089703304026,-0.00501269109912078,-0.00270299585023489,0.00771568694935567
1.6,-0.00859223681524432,0.00716019734603694,0.0193096742491145,-0.0160913952075954,-0.00482741856227863,-0.0026030912504213,0.00743050981269993
1.61,-0.0085844783968469,0.00715373199737242,0.0185689056020694,-0.0154740880017245,-0.00464222640051734,-0.00250322999130151,0.00714545639181884
1.62,-0.00856318941385063,0.00713599117820886,0.0178293182071105,-0.0148577651725921,-0.00445732955177762,-0.00240352797396542,0.00686085752574305
1.63,-0.00852888893342891,0.00710740744452409,0.0170917483621292,-0.0142431236351076,-0.00427293709053229,-0.00230409793774234,0.00657703502827462
1.64,-0.00848209519503492,0.0070684126625291,0.0163570083853059,-0.0136308403210882,-0.00408925209632646,-0.00220504938931376,0.00629430148564022
1.65,-0.00842332502439576,0.0070194375203298,0.0156258861387759,-0.0130215717823132,-0.00390647153469397,-0.00210648853849993,0.0060129600731939
1.66,-0.00835309326430946,0.00696091105359122,0.0148991446010025,-0.0124159538341688,-0.00372478615025063,-0.00200851824061247,0.0057333043908631
1.67,-0.00827191222257877,0.00689326018548231,0.014177521487015,-0.0118146012391791,-0.00354438037175374,-0.00191123794525954,0.00545561831701327
1.68,-0.00818029113738125,0.00681690928115104,0.0134617289156246,-0.0112181074296871,-0.00336543222890614,-0.00181474365148406,0.0051801758803902
1.69,-0.00807873566034174,0.00673227971695146,0.0127524531226925,-0.0106270442689104,-0.00318811328067313,-0.00171912786911001,0.00490724114978314
1.7,-0.00796774735754065,0.00663978946461721,0.0120503542194833,-0.0100419618495694,-0.00301258855487083,-0.00162447958616666,0.00463706814103748
1.71,-0.00784782322865859,0.00653985269054882,0.0113560659951044,-0.00946338832925366,-0.0028390164987761,-0.00153088424225586,0.00436990074103196
1.72,-0.00771945524442702,0.00643287937035585,0.0106701957619978,-0.00889182980166485,-0.00266754894049945,-0.00143842370772323,0.00410597264822268
1.73,-0.00758312990252316,0.0063192749187693,0.00999332424342067,-0.00832777020285054,-0.00249833106085516,-0.00134717626848958,0.00384550732934474
1.74,-0.0074393278020175,0.00619943983501458,0.00932600550182265,-0.00777167125151886,-0.00233150137545566,-0.00125721661639573,0.00358871799185138
1.75,-0.0072885232364527,0.00607376936371058,0.00866876690700423,-0.00722397242250351,-0.00216719172675105,-0.00116861584490993,0.00333580757166098
1.76,-0.00713118380560413,0.00594265317133677,0.00802210914291521,-0.00668509095242932,-0.0020055272857288,-0.0010814414500444,0.00308696873577319
1.77,-0.00696777004594429,0.00580647503828691,0.00738650625193365,-0.00615542187661135,-0.00184662656298341,-0.000995757336324433,0.00284238389930784
1.78,-0.00679873507980645,0.00566561256650537,0.00676240571544649,-0.00563533809620539,-0.00169060142886162,-0.000911623827651315,0.00260222525651293
1.79,-0.00662452428321636,0.0055204369026803,0.00615022856953721,-0.00512519047461432,-0.0015375571423843,-0.000829097682897868,0.00236665482528216
1.8,-0.00644557497233567,0.00537131247694638,0.00555036955457216,-0.00462530796214344,-0.00138759238864303,-0.000748232116073846,0.00213582450471688
1.81,-0.00626231610843589,0.0052185967570299,0.00496319729746553,-0.00413599774788792,-0.00124079932436638,-0.000669076820896638,0.00190987614526301
1.82,-0.00607516802129823,0.00506264001774852,0.00438905452539352,-0.00365754543782791,-0.00109726363134837,-0.000591677999601565,0.00168894163094994
1.83,-0.00588454215091141,0.00490378512575951,0.00382825830972057,-0.00319021525810046,-0.000957064577430137,-0.000516078395824999,0.00147314297325514
1.84,-0.00569084080731787,0.00474236733943156,0.00328110033889546,-0.00273425028241286,-0.000820275084723859,-0.00044231733139283,0.00126259241611669
1.85,-0.00549445694843731,0.00457871412369776,0.00274784721907106,-0.0022898726825592,-0.000686961804767759,-0.000370430746846309,0.00105739255161407
1.86,-0.00529577397567642,0.00441314497973035,0.0022287408012004,-0.00185728400100032,-0.000557185200300095,-0.000300451245537083,0.000857636445837178
1.87,-0.00509516554711417,0.0042459712892618,0.00172399853336158,-0.00143666544446796,-0.000430999633340389,-0.000232408141123279,0.000663407774463668
1.88,-0.00489299540803337,0.00407749617336113,0.00123381383706609,-0.00102817819755505,-0.000308453459266516,-0.000166327508298738,0.000474780967565254
1.89,-0.00468961723855168,0.00390801436545973,0.000758356506308952,-0.00063196375525744,-0.000189589126577232,-0.000102232236588014,0.000291821363165246
1.9,-0.00448537451808845,0.00373781209840704,0.000297773128124217,-0.000248144273436827,-7.44432820310482e-05,-4.01420870404549e-05,0.000114585369071503
1.91,-0.00428060040638759,0.00356716700532299,-0.000147812476583643,0.000123177063819723,3.69531191459168e-05,1.99262483423599e-05,-5.68793674882767e-05
1.92,-0.00407561764080195,0.00339634803400162,-0.000578298793153393,0.00048191566096118,0.000144574698288354,7.79590846104392e-05,-0.000222533782898793
1.93,-0.00387073844953026,0.00322561537460854,-0.000993606135436855,0.000828005112864065,0.00024840153385922,0.00013394567946371,-0.000382347213322929
1.94,-0.00366626448048434,0.00305522040040361,-0.00139367615142463,0.00116139679285387,0.000348419037856162,0.000187878166606595,-0.000536297204462758
1.95,-0.00346248674545189,0.0028854056212099,-0.00177847131341473,0.00148205942784563,0.000444617828353689,0.000239751487018866,-0.000684369315372556
1.96,-0.00325968557920841,0.00271640464934034,-0.00214797439389733,0.00178997866158112,0.000536993598474337,0.000289563318300902,-0.000826556916775239
1.97,-0.00305813061322097,0.00254844217768414,-0.00250218792831325,0.00208515660692773,0.000625546982078319,0.000337314002249451,-0.000962860984327769
1.98,-0.00285808076357669,0.00238173396964723,-0.00284113366582807,0.00236761138819008,0.000710283416457024,0.000383006470817784,-0.00109328988727481
1.99,-0.00265978423275931,0.00221648686063275,-0.00316485200924548,0.00263737667437125,0.000791213002311375,0.000426646170611755,-0.00121785917292313
2,-0.0024634785248892,0.00205289877074099,-0.00347340144516562,0.0028945012043047,0.000868350361291411,0.000468240986070798,-0.00133659134736221
2.01,-0.00226939047403415,0.00189115872836178,-0.00376685796547436,0.00313904830456198,0.000941714491368595,0.000507801161480271,-0.00144951565284887
2.02,-0.00207773628519174,0.00173144690432644,-0.00404531448122886,0.00337109540102407,0.00101132862030722,0.000545339221958769,-0.00155666784226599
2.03,-0.00188872158753799,0.00157393465628165,-0.00430888022998378,0.0035907335249865,0.00107722005749595,0.000580869893561172,-0.00165808995105712
2.04,-0.00170254149953145,0.00141878458294287,-0.00455768017758002,0.00379806681465003,0.00113942004439501,0.000614410022635216,-0.00175383006703023
2.05,-0.0015193807054575,0.00126615058788124,-0.00479185441539522,0.00399321201282936,0.00119796360384881,0.000645978494566262,-0.00184394209841507
2.06,-0.00133941354299368,0.00111617795249473,-0.00501155755403138,0.00417629796169283,0.00125288938850785,0.00067559615204177,-0.00192848554054962
2.07,-0.0011628041013738,0.000969003417811495,-0.00521695811439099,0.00434746509532584,0.00130423952859775,0.000703285712963713,-0.00200752524156146
2.08,-0.000989706329725711,0.000824755274771418,-0.00540823791706784,0.00450686493088988,0.00135205947926696,0.000729071688133815,-0.00208113116740078
2.09,-0.000820264155156346,0.000683553462630281,-0.00558559147095365,0.00465465955912805,0.00139639786773842,0.000752980298833057,-0.00214937816657147
2.1,-0.000654611610156012,0.000545509675130002,-0.00574922536193537,0.00479102113494616,0.00143730634048385,0.000775039394413422,-0.00221234573489727
2.11,-0.00049287296889354,0.000410727474077942,-0.00589935764253212,0.00491613136877678,0.00147483941063303,0.000795278370016292,-0.00227011778064932
2.12,-0.000335162891973966,0.000279302409978297,-0.00603621722329342,0.0050301810194112,0.00150905430582336,0.000813728084528302,-0.00232278239035166
2.13,-0.000181586579231052,0.000151322149359202,-0.00616004326675397,0.00513336938896165,0.0015400108166885,0.000830420778881819,-0.00237043159557031
2.14,-3.22399301281747e-05,2.68666084401379e-05,-0.00627108458471222,0.00522590382059352,0.00156777114617806,0.000845389994803502,-0.00241316114098156
2.15,0.00011279028865707,-9.39919072142327e-05,-0.00636959903957293,0.00530799919964412,0.00159239975989324,0.000858670494110719,-0.00245107025400396
2.16,0.000253426268886884,-0.000211188557405745,-0.00645585295046574,0.00537987745872146,0.00161396323761644,0.000870298178651798,-0.00248426141626824
2.17,0.000389598980075398,-0.000324665816729506,-0.00653012050482388,0.00544176708735324,0.00163253012620597,0.000880310010982358,-0.00251284013718833
2.18,0.000521247982875049,-0.000434373319062549,-0.00659268317607933,0.00549390264673279,0.00164817079401984,0.000888743935866177,-0.00253691472988601
2.19,0.000648321236949535,-0.000540267697457953,-0.00664382914810226,0.00553652429008523,0.00166095728702557,0.000895638802685242,-0.00255659608971081
2.2,0.000770774903741354,-0.000642312419784469,-0.00668385274698464,0.00556987728915387,0.00167096318674616,0.00090103428883985,-0.00257199747558601
2.21,0.000888573144537252,-0.000740477620447717,-0.00671305388073973,0.00559421156728312,0.00167826347018493,0.000904970824215829,-0.00258323429440076
2.22,0.00100168791422973,-0.00083473992852478,-0.00673173748746103,0.00560978123955087,0.00168293437186526,0.000907489516792156,-0.00259042388865742
2.23,0.0011100987511672,-0.000925082292639339,-0.00674021299245629,0.00561684416038025,0.00168505324811408,0.000908632079458487,-0.00259368532757256
2.24,0.00121379256347953,-0.00101149380289961,-0.00673879377484428,0.00561566147903691,0.00168469844371107,0.000908440758108339,-0.00259313920181941
2.25,0.00131276341225929,-0.00109396951021608,-0.00672779664407443,0.00560649720339536,0.00168194916101861,0.00090695826106994,-0.00258890742208855
2.26,0.00140701229197253,-0.00117251024331045,-0.00670754132680168,0.00558961777233474,0.00167688533170042,0.000904227689933061,-0.00258111302163348
2.27,0.00149654690846589,-0.00124712242372158,-0.00667834996452199,0.00556529163710166,0.0016695874911305,0.000900292471826436,-0.00256987996295694
2.28,0.00158138145492954,-0.00131781787910795,-0.00664054662234639,0.00553378885195533,0.0016601366555866,0.000895196293196778,-0.00255533294878338
2.29,0.00166153638616805,-0.00138461365514004,-0.00659445680926529,0.00549538067438775,0.00164861420231632,0.000888983035136743,-0.00253759723745307
2.3,0.00173703819152333,-0.00144753182626944,-0.00654040701022792,0.00545033917518994,0.00163510175255698,0.000881696710305673,-0.00251679846286265
2.31,0.00180791916678583,-0.00150659930565486,-0.00647872423033588,0.00539893685861323,0.00161968105758397,0.000873381401483412,-0.00249306245906738
2.32,0.00187421718542188,-0.00156184765451824,-0.006409735551424,0.00534144629285333,0.001602433887856,0.000864081201794032,-0.00246651508965003
2.33,0.00193597546943653,-0.00161331289119711,-0.00633376770127651,0.00527813975106376,0.00158344192531913,0.000853840156632884,-0.00243728208195201
2.34,0.00199324236018264,-0.00166103530015221,-0.00625114663570145,0.00520928886308454,0.00156278665892536,0.000842702207327044,-0.00240548886625241
2.35,0.00204607108941808,-0.00170505924118174,-0.00616219713366189,0.00513516427805158,0.00154054928341547,0.000830711136555918,-0.00237126041997139
2.36,0.00209451955090378,-0.00174543295908649,-0.00606724240563859,0.00505603533803216,0.00151681060140965,0.000817910515555545,-0.00233472111696519
2.37,0.00213865007282654,-0.00178220839402212,-0.00596660371537506,0.00497216976281255,0.00149165092884377,0.000804343653126943,-0.00229599458197071
2.38,0.00217852919132078,-0.00181544099276732,-0.00586060001513312,0.00488383334594427,0.00146515000378328,0.000790053546465785,-0.00225520355024907
2.39,0.00221422742535446,-0.00184518952112872,-0.00574954759456437,0.00479128966213697,0.00143738689864109,0.00077508283382759,-0.00221246973246868
2.4,0.00224581905323468,-0.00187151587769557,-0.0056337597432812,0.00469479978606767,0.0014084399358203,0.000759473749039735,-0.00216791368486003
2.41,0.00227338189097899,-0.00189448490914916,-0.00551354642718944,0.00459462202265787,0.00137838660679736,0.000743268077868615,-0.00212165468466598
2.42,0.0022969970727889,-0.00191416422732409,-0.0053892139786238,0.00449101164885317,0.00134730349465595,0.000726507116247551,-0.0020738106109035
2.43,0.00231674883385234,-0.00193062402821028,-0.00526106480030709,0.00438422066692258,0.00131526620007677,0.000709231630368228,-0.002024497830445
2.44,0.00233272429569217,-0.00194393691307682,-0.00512939708313438,0.00427449756927865,0.0012823492707836,0.000691481818635855,-0.00197383108941945
2.45,0.00234501325426837,-0.00195417771189031,-0.00499450453776421,0.00416208711480351,0.00124862613444105,0.000673297275485613,-0.00192192340992667
2.46,0.00235370797103131,-0.00196142330919276,-0.0048566761399803,0.00404723011665025,0.00121416903499507,0.000654716957055469,-0.00186888599205054
2.47,0.00235890296711458,-0.00196575247259549,-0.00471619588976942,0.00393016324147452,0.00117904897244235,0.000635779148708045,-0.0018148281211504
2.48,0.00236069482084547,-0.0019672456840379,-0.00457334258404368,0.0038111188200364,0.00114333564601092,0.000616521434391839,-0.00175985708040276
2.49,0.00235918196874218,-0.00196598497395182,-0.00442838960291876,0.00369032466909896,0.00110709740072969,0.000596980667829914,-0.0017040780685596
2.5,0.00235446451015678,-0.00196205375846399,-0.00428160470944371,0.00356800392453642,0.00107040117736093,0.000577192945521939,-0.00164759412288287
2.51,0.00234664401571391,-0.00195553667976159,-0.00413324986266223,0.00344437488555186,0.00103331246566556,0.000557193581543432,-0.00159050604720899
2.52,0.00233582333968535,-0.00194651944973779,-0.00398358104387078,0.00331965086989231,0.000995895260967693,0.000537017084124021,-0.00153291234509171
2.53,0.00232210643643159,-0.00193508869702633,-0.00383284809592445,0.00319404007993704,0.000958212023981111,0.000516697133984661,-0.00147490915796577
2.54,0.00230559818103209,-0.00192133181752675,-0.00368129457542822,0.00306774547952352,0.000920323643857055,0.00049626656441188,-0.00141659020826893
2.55,0.00228640419421681,-0.00190533682851401,-0.00352915761763801,0.00294096468136501,0.000882289404409502,0.000475757343045415,-0.00135804674745492
2.56,0.0022646306717026,-0.00188719222641884,-0.00337666781388383,0.00281388984490319,0.000844166953470957,0.000455200555353921,-0.00129936750882488
2.57,0.00224038421802918,-0.00186698684835765,-0.0032240491013157,0.00268670758442975,0.000806012275328925,0.000434626389771874,-0.0012406386651008
2.58,0.00221377168498045,-0.00184480973748371,-0.0030715186647617,0.00255959888730142,0.000767879666190425,0.000414064124469296,-0.00118194379065972
2.59,0.00218490001466859,-0.00182075001222383,-0.00291928685047742,0.00243273904206451,0.000729821712619353,0.000393542115724516,-0.00112336382834387
2.6,0.00215387608734949,-0.00179489673945791,-0.00276755709155596,0.00230629757629663,0.000691889272888989,0.000373087787868877,-0.00106497706075787
2.61,0.00212080657403017,-0.00176733881169181,-0.00261652584475876,0.00218043820396563,0.000654131461189688,0.000352727624771043,-0.00100685908596073
2.62,0.00208579779392026,-0.00173816482826688,-0.00246638253851853,0.00205531878209877,0.000616595634629631,0.000332487162827404,-0.000949082797457035
2.63,0.00204895557677199,-0.00170746298064332,-0.00231730953185802,0.00193109127654835,0.000579327382964505,0.00031239098542401,-0.000891718368388514
2.64,0.00201038513014494,-0.00167532094178745,-0.00216948208396061,0.00180790173663384,0.000542370520990152,0.000292462718834452,-0.000834833239824604
2.65,0.0019701909116245,-0.00164182575968708,-0.00202306833412202,0.00168589027843501,0.000505767083530503,0.000272725029517208,-0.00077849211304771
2.66,0.00192847650601522,-0.00160706375501269,-0.00187822929180626,0.00156519107650521,0.000469557322951563,0.0002531996227751,-0.000722756945726663
2.67,0.00188534450752325,-0.00157112042293604,-0.0017351188365232,0.00144593236376933,0.000433779709130799,0.000233907242738798,-0.000667686951869597
2.68,0.00184089640693466,-0.00153408033911222,-0.00159388372723999,0.00132823643936666,0.000398470931809997,0.00021486767363554,-0.000613338605445537
2.69,0.00179523248378991,-0.00149602706982493,-0.00145466362103406,0.00121221968419505,0.000363665905258514,0.00019609974230371,-0.000559765647562224
2.7,0.00174845170354772,-0.00145704308628977,-0.00131759110069142,0.00109799258390951,0.000329397775172853,0.000177621321913294,-0.000507019097086147
2.71,0.00170065161972536,-0.00141720968310447,-0.00118279171095046,0.00098565975912538,0.000295697927737614,0.000159449336851821,-0.000455147264589435
2.72,0.00165192828099601,-0.00137660690083001,-0.00105038400308844,0.000875320002573699,0.00026259600077211,0.000141599768734961,-0.00040419576950707
2.73,0.00160237614321778,-0.00133531345268148,-0.000920479587545411,0.000767066322954505,0.000230119896886351,0.000124087663500629,-0.00035420756038698
2.74,0.00155208798636309,-0.00129340665530258,-0.000793183194278349,0.000660985995231954,0.000198295798569586,0.000106927139545188,-0.000305222938114774
2.75,0.00150115483631171,-0.00125096236359309,-0.000668592740536814,0.000557160617114008,0.000167148185134202,9.01313968601206e-05,-0.000257279581994323
2.76,0.00144966589146491,-0.00120805490955409,-0.000546799405750294,0.000455666171458574,0.000136699851437572,7.37127271274107e-05,-0.000210412578564983
2.77,0.00139770845413348,-0.00116475704511124,-0.000427887713216964,0.000356573094347466,0.00010697192830424,5.76825247318166e-05,-0.000164654453036056
2.78,0.00134536786664703,-0.00112113988887252,-0.000311935618283401,0.000259946348569497,7.79839045708491e-05,4.20512986481648e-05,-0.000120035203219014
2.79,0.00129272745212724,-0.0010772728767727,-0.000199014602705081,0.00016584550225423,4.97536506762691e-05,2.68286851618658e-05,-7.65823358381348e-05
2.8,0.0012398684598635,-0.00103322371655292,-8.91897748782495e-05,7.43248123985371e-05,2.22974437195611e-05,1.20234613809332e-05,-3.43209051004943e-05
2.81,0.00118687001522458,-0.000989058346020486,1.74800243651466e-05,-1.45666869709596e-05,-4.37000609128789e-06,-2.35644050205242e-06,6.7264465933403e-06
2.82,0.00113380907403626,-0.000944840895030221,0.000120942110706256,-0.000100785092255217,-3.02355276765652e-05,-1.63039182393956e-05,4.65394459159608e-05
2.83,0.00108076038135073,-0.000900633651125612,0.000221149840336745,-0.000184291533613958,-5.52874600841874e-05,-2.98126838902543e-05,8.51001439744417e-05
2.84,0.00102779643452992,-0.000856497028774933,0.000318062489307492,-0.000265052074422914,-7.95156223268743e-05,-4.28772475559242e-05,0.000122392869882798
2.85,0.000974987450561513,-0.000812489542134594,0.000411645128528593,-0.000343037607107165,-0.00010291128213215,-5.54929005288869e-05,0.000158404182661036
2.86,0.000922401337523114,-0.000768667781269261,0.000501868494717783,-0.000418223745598157,-0.000125467123679447,-6.76556978956735e-05,0.000193122821575121
2.87,0.00087010367010692,-0.000725086391755766,0.000588708857591128,-0.000490590714659277,-0.000147177214397783,-7.9362440633158e-05,0.000226539655030941
2.88,0.000818157669114524,-0.000681798057595436,0.00067214788358626,-0.000560123236321887,-0.000168036970896566,-9.06106572374109e-05,0.000258647628133977
2.89,0.000766624184828769,-0.000638853487357306,0.0007521724964046,-0.000626810413670504,-0.000188043124101151,-0.000101398584923727,0.000289441709024879
2.9,0.000715561684167155,-0.000596301403472628,0.000828774734654849,-0.000690645612212379,-0.000207193683663714,-0.000111725150435885,0.000318918834099599
2.91,0.000665026241519093,-0.000554188534599244,0.00090195160687565,-0.000751626339063046,-0.000225487901718914,-0.000121589950502096,0.00034707785222101
2.92,0.000615071533167244,-0.000512559610972702,0.000971704944210673,-0.000809754120175565,-0.000242926236052669,-0.00013099323197448,0.00037391946802715
2.93,0.000565748835191354,-0.000471457362659461,0.00103804125100448,-0.000865034375837067,-0.00025951031275112,-0.000139935871688256,0.000399446184439376
2.94,0.000517107024751373,-0.000430922520626143,0.00110097155358241,-0.000917476294652015,-0.000275242888395605,-0.000148419356076115,0.000423662244471719
2.95,0.000469192584645131,-0.000390993820537608,0.00116051124747252,-0.000967092706227107,-0.000290127811868132,-0.000156445760572566,0.000446573572440698
2.96,0.000422049611034649,-0.00035170800919554,0.00121667994332182,-0.00101389995276818,-0.000304169985830455,-0.000164017728842283,0.000468187714672738
2.97,0.000375719824234004,-0.000313099853528335,0.00126950131175372,-0.00105791775979477,-0.000317375327938431,-0.000171138451865701,0.000488513779804132
2.98,0.000330242582450786,-0.00027520215204232,0.00131900292740753,-0.00109916910617295,-0.000329750731851884,-0.000177811646914347,0.000507562378766231
2.99,0.000285654898372446,-0.000238045748643704,0.00136521611239477,-0.00113768009366231,-0.000341304028098694,-0.000184041536447564,0.000525345564546258
3,0.000241991458488241,-0.000201659548740199,0.00140817577940107,-0.00117347981616757,-0.00035204394485027,-0.00018983282696145,0.00054187677181172
3.01,0.000199284645037077,-0.000166070537530896,0.00144792027465609,-0.00120660022888008,-0.000361980068664024,-0.000195190687820003,0.000557170756484027
3.02,0.000157564560471337,-0.000131303800392779,0.00148449122098736,-0.00123707601748947,-0.000371122805246842,-0.00020012073009759,0.000571243535344431
3.03,0.000116859054326624,-9.73825452721849e-05,0.00151793336116765,-0.00126494446763971,-0.000379483340291913,-0.000204628985460968,0.000584112325752881
3.04,7.71937523874738e-05,-6.43281269895598e-05,0.00154829440175863,-0.00129024533479887,-0.00038707360043966,-0.000208721885118232,0.000595795485557892
3.05,3.85920880392563e-05,-3.21600733660452e-05,0.00157562485764717,-0.00131302071470598,-0.000393906214411793,-0.00021240623886111,0.000606312453272903
3.06,1.07533569684245e-06,-8.96113080700273e-07,0.00159997789746349,-0.00133331491455291,-0.000399994474365873,-0.000215689214226162,0.000615683688592034
3.07,-3.53373537988915e-05,2.94477948324113e-05,0.00162140919006406,-0.00135117432505339,-0.000405352297516016,-0.0002185783157995,0.000623930613315516
3.08,-7.06289159250456e-05,5.88574299375398e-05,0.00163997675225482,-0.00136664729354568,-0.000409994188063705,-0.000221081364688718,0.000631075552752424
3.09,-0.000104784333468733,8.7320277890613e-05,0.00165574079792362,-0.00137978399826969,-0.000413935199480907,-0.000223206478184799,0.000637141677665706
3.1,-0.000137790595873877,0.000114825496561566,0.00166876358874394,-0.00139063632395329,-0.000417190897185986,-0.000224962049635829,0.000642152946821815
3.11,-0.000169636657048475,0.000141363880873731,0.0016791092866047,-0.00139925773883725,-0.000419777321651176,-0.000226356728553423,0.000646134050204598
3.12,-0.000200313391736961,0.00016692782644747,0.00168684380791443,-0.00140570317326203,-0.000421710951978609,-0.000227399400971808,0.000649110352950417
3.13,-0.000229813550561048,0.000191511292134208,0.00169203467992079,-0.00141002889993399,-0.000423008669980198,-0.000228099170078603,0.000651107840058801
3.14,-0.00025813171383116,0.000215109761525968,0.00169475089917964,-0.00141229241598303,-0.00042368772479491,-0.000228465337135371,0.00065215306193028
3.15,-0.000285264244229127,0.000237720203524275,0.00169506279230104,-0.00141255232691754,-0.000423765698075261,-0.000228507382705115,0.000652273080780376
3.16,-0.000311209238461312,0.000259341032051096,0.00169304187909253,-0.00141086823257711,-0.000423260469773134,-0.000228234948202955,0.000651495417976089
3.17,-0.00033596647797975,0.000279972064983127,0.00168876073821327,-0.00140730061517773,-0.000422190184553319,-0.000227657817785278,0.000649848002338597
3.18,-0.000359537378867194,0.00029961448238933,0.00168229287544592,-0.00140191072953827,-0.00042057321886148,-0.000226785900591781,0.000647359119453261
3.19,-0.000381924940980219,0.000318270784150185,0.00167371259468622,-0.00139476049557185,-0.000418428148671555,-0.000225629213353892,0.000644057362025447
3.2,-0.000403133696442664,0.000335944747035555,0.00166309487174383,-0.00138591239311986,-0.000415773717935958,-0.000224197863382155,0.000639971581318113
3.21,-0.000423169657579832,0.000352641381316529,0.00165051523104114,-0.00137542935920095,-0.000412628807760286,-0.000222502031944288,0.000635130839704574
3.22,-0.000442040264381871,0.000368366886984894,0.00163604962529035,-0.00136337468774196,-0.000409012406322588,-0.000220551958044742,0.00062956436436733
3.23,-0.00045975433158273,0.000383128609652277,0.00161977431822276,-0.0013498119318523,-0.000404943579555691,-0.000218357922615714,0.000623301502171404
3.24,-0.000476321995439011,0.000396934996199178,0.00160176577043778,-0.00133480480869816,-0.000400441442609447,-0.000215930233128719,0.000616371675738166
3.25,-0.000491754660290881,0.000409795550242403,0.0015821005284329,-0.00131841710702742,-0.000395525132108227,-0.000213279208634991,0.000608804340743218
3.26,-0.000506064944985036,0.000421720787487532,0.00156085511686979,-0.0013007125973915,-0.000390213779217449,-0.000210415165242127,0.000600628944459576
3.27,-0.000519266629237482,0.000432722191031237,0.00153810593412567,-0.00128175494510473,-0.000384526483531419,-0.000207348402033619,0.000591874885565038
3.28,-0.000531374600011607,0.000442812166676342,0.00151392915117309,-0.00126160762597758,-0.000378482287793274,-0.000204089187437076,0.00058257147523035
3.29,-0.000542404797984749,0.000452003998320626,0.00148840061382553,-0.00124033384485461,-0.000372100153456383,-0.000200647746046187,0.000572747899502569
3.3,-0.000552374164174104,0.000460311803478423,0.00146159574838047,-0.00121799645698373,-0.000365398937095119,-0.000197034245900686,0.000562433182995805
3.31,-0.000561300586790486,0.000467750488992074,0.00143358947068619,-0.0011946578922385,-0.000358397367671549,-0.000193258786227865,0.000551656153899414
3.32,-0.000569202848386038,0.000474335706988368,0.00140445609865283,-0.00117038008221069,-0.000351114024663207,-0.000189331385648396,0.000540445410311603
3.33,-0.000576100573359631,0.000480083811133029,0.00137426926822327,-0.00114522439018606,-0.000343567317055819,-0.000185261970848572,0.000528829287904391
3.34,-0.00058201417588124,0.000485011813234369,0.00134310185281413,-0.00111925154401178,-0.000335775463203533,-0.000181060365720329,0.000516835828923861
3.35,-0.000586964808294186,0.000489137340245157,0.00131102588623189,-0.00109252157185991,-0.000327756471557974,-0.000176736280969761,0.000504492752527735
3.36,-0.000590974310051696,0.000492478591709749,0.00127811248906485,-0.00106509374088738,-0.000319528122266213,-0.00017229930419419,0.000491827426460403
3.37,-0.000594065157241782,0.000495054297701488,0.00124443179854623,-0.00103702649878853,-0.000311107949636558,-0.000167758890427179,0.000478866840063737
3.38,-0.000596260412752031,0.000496883677293361,0.00121005290187971,-0.00100837741823309,-0.000302513225469928,-0.000163124353150308,0.000465637578620236
3.39,-0.000597583677123441,0.00049798639760287,0.0011750437730139,-0.000979203144178251,-0.000293760943253475,-0.000158404855769888,0.000452165799023363
3.4,-0.000598059040140034,0.00049838253345003,0.00113947121284812,-0.000949559344040099,-0.00028486780321203,-0.000153609403556246,0.000438477206768275
3.41,-0.000597711033198536,0.000498092527665449,0.00110340079284765,-0.000919500660706378,-0.000275850198211913,-0.000148746836042631,0.000424597034254544
3.42,-0.000596564582500036,0.000497137152083365,0.00106689680204276,-0.00088908066836897,-0.000266724200510691,-0.000143825819880277,0.000410550020390968
3.43,-0.000594644963103119,0.000495537469252601,0.00103002219738177,-0.000858351831151481,-0.000257505549345444,-0.000138854842145624,0.000396360391491068
3.44,-0.000591977753875627,0.000493314794896358,0.000992838557405025,-0.000827365464504189,-0.000248209639351257,-0.000133842204095206,0.000382051843446462
3.45,-0.000588588793379828,0.000490490661149858,0.000955406039202823,-0.000796171699335687,-0.000238851509800706,-0.000128796015363262,0.000367647525163968
3.46,-0.000584504136723446,0.000487086780602874,0.00091778333861731,-0.000764819448847759,-0.000229445834654328,-0.000123724188596642,0.00035317002325097
3.47,-0.000579750013406738,0.000483125011172284,0.000880027653644813,-0.000733356378037345,-0.000220006913411204,-0.000118634434521165,0.000338641347932368
3.48,-0.00057435278619347,0.000478627321827893,0.000842194650992302,-0.000701828875826919,-0.000210548662748076,-0.000113534257433173,0.000324082920181249
3.49,-0.000568338911031469,0.000473615759192893,0.000804338435738611,-0.000670282029782177,-0.000201084608934653,-0.000108430951109636,0.000309515560044289
3.5,-0.000561734898046166,0.000468112415038473,0.000766511524048377,-0.000638759603373649,-0.000191627881012095,-0.000103331595129779,0.000294959476141874
3.51,-0.000554567273628392,0.000462139394690328,0.000728764818884029,-0.000607304015736691,-0.000182191204721007,-9.82430516008766e-05,0.000280434256321884
3.52,-0.000546862543635552,0.000455718786362962,0.000691147588658734,-0.000575956323882279,-0.000172786897164684,-9.31719622805045e-05,0.000265958859445188
3.53,-0.000538647157723194,0.000448872631435997,0.000653707448770925,-0.000544756207309105,-0.000163426862192731,-8.8124746087255e-05,0.000251551608279986
3.54,-0.000529947474821927,0.000441622895684941,0.000616490345958865,-0.000513741954965722,-0.000154122586489716,-8.31075969916121e-05,0.000237230183481329
3.55,-0.000520789729772627,0.000433991441477191,0.000579540545411742,-0.000482950454509786,-0.000144885136352936,-7.81264822784295e-05,0.000223011618631365
3.56,-0.000511200001130909,0.000426000000942426,0.000542900620571923,-0.000452417183809936,-0.000135725155142981,-7.31871411721962e-05,0.000208912296315177
3.57,-0.000501204180149871,0.000417670150124894,0.000506611445561298,-0.000422176204634416,-0.000126652861390325,-6.82950838160501e-05,0.000194947945206375
3.58,-0.000490827940948275,0.000409023284123564,0.000470712190163081,-0.000392260158469234,-0.00011767804754077,-6.34555905952867e-05,0.000181133638136057
3.59,-0.000480096711869467,0.000400080593224558,0.000435240317289016,-0.000362700264407514,-0.000108810079322254,-5.86737117959192e-05,0.000167483791118173
3.6,-0.000469035648034553,0.000390863040028795,0.000400231582860664,-0.000333526319050553,-0.000100057895715166,-5.39542675886744e-05,0.00015401216330384
3.61,-0.000457669605091595,0.00038139133757633,0.000365720038032263,-0.00030476669836022,-9.14300095080659e-05,-4.93018483286524e-05,0.000140731857836718
3.62,-0.000446023114160932,0.000371685928467445,0.000331738033681702,-0.000276448361401418,-8.29345084204254e-05,-4.47208151607427e-05,0.000127655323581168
3.63,-0.000434120357975049,0.000361766964979209,0.000298316227095185,-0.000248596855912654,-7.45790567737962e-05,-4.02153009207692e-05,0.000114794357694565
3.64,-0.00042198514820985,0.000351654290174876,0.000265483590770488,-0.000221236325642073,-6.6370897692622e-05,-3.57892113222354e-05,0.000102160109014857
3.65,-0.000409640904002665,0.000341367420002222,0.000233267423263008,-0.00019438951938584,-5.83168558157519e-05,-3.14462264184546e-05,8.97630822342065e-05
3.66,-0.000397110631650804,0.000330925526375671,0.000201693361998342,-0.000168077801665285,-5.04233404995854e-05,-2.71898023297837e-05,7.76131428293691e-05
3.67,-0.000384416905483071,0.000320347421235894,0.000170785397974723,-0.000142321164978936,-4.26963494936808e-05,-2.30231732256234e-05,6.57195227193042e-05
3.68,-0.000371581849895253,0.000309651541579378,0.000140565892278371,-0.000117138243565309,-3.51414730695927e-05,-1.89493535508125e-05,5.40908266204052e-05
3.69,-0.000358627122539282,0.000298855935449403,0.000111055594334642,-9.25463286122015e-05,-2.77638985836605e-05,-1.49711404860235e-05,4.2735039069684e-05
3.7,-0.000345573898654507,0.000287978248878757,8.22736618178398e-05,-6.85613848481996e-05,-2.05684154544599e-05,-1.10911166317558e-05,3.16595320862157e-05
3.71,-0.000332442856528273,0.000277035713773562,5.42376821425675e-05,-4.51980684521394e-05,-1.35594205356418e-05,-7.31165290553383e-06,2.08710734411756e-05
3.72,-0.000319254164071866,0.000266045136726556,2.69636954596886e-05,-2.24697462164069e-05,-6.74092386492206e-06,-3.6349116419382e-06,1.03758355068603e-05
3.73,-0.000306027466496758,0.000255022888747299,4.66219080206076e-07,-3.88515900171409e-07,-1.16554770051423e-07,-6.28498851305316e-08,1.79404655181954e-07
3.74,-0.000292781875075045,0.000243984895895872,-2.52417267492668e-05,2.1034772291056e-05,6.3104316873168e-06,3.40277713641667e-06,-9.71320882373346e-06
3.75,-0.000279535956966962,0.000232946630805803,-5.01485917953277e-05,4.17904931627735e-05,1.2537147948832e-05,6.76041236321488e-06,-1.92975603120469e-05
3.76,-0.000266307726097409,0.000221923105081175,-7.42442675862409e-05,6.18702229885345e-05,1.85610668965604e-05,1.00086930962361e-05,-2.85697599927964e-05
3.77,-0.000253114635062535,0.000210928862552114,-9.75200580347446e-05,8.12667150289543e-05,2.43800145086863e-05,1.31464470366433e-05,-3.75264615453296e-05
3.78,-0.000239973568046591,0.00019997797337216,-0.000119968649009221,9.99738741743517e-05,2.99921622523055e-05,1.61726881837526e-05,-4.61648504360581e-05
3.79,-0.000226900834728456,0.000189084028940381,-0.000141584076926454,0.000117986730772045,3.53960192316136e-05,1.9086612601097e-05,-5.44826318327106e-05
3.8,-0.00021391216515652,0.000178260137630434,-0.000162361696438323,0.000135301413698603,4.05904241095809e-05,2.18875940603471e-05,-6.24780181699279e-05
3.81,-0.000201022705569915,0.000167518921308263,-0.000182298147283873,0.000151915122736561,4.55745368209683e-05,2.45751795727171e-05,-7.01497163936854e-05
3.82,-0.000188247015143458,0.000156872512619549,-0.000201391320377158,0.000167826100314299,5.03478300942898e-05,2.71490848173481e-05,-7.74969149116378e-05
3.83,-0.000175599063633061,0.000146332553027552,-0.000219640323200218,0.000183033602666849,5.49100808000548e-05,2.96091894760167e-05,-8.45192702760715e-05
3.84,-0.000163092229897872,0.000135910191581561,-0.000237045444569386,0.000197537870474489,5.92613611423468e-05,3.1955532483366e-05,-9.12168936257128e-05
3.85,-0.000150739301274868,0.000125616084395724,-0.000253608118841957,0.000211340099034965,6.34020297104895e-05,3.41883072016906e-05,-9.75903369121801e-05
3.86,-0.000138552473781238,0.000115460394817699,-0.000269330889628976,0.000224442408024147,6.73327224072442e-05,3.63078565291447e-05,-0.000103640578936389
3.87,-0.000126543353119453,0.000105452794266211,-0.000284217373078621,0.000236847810898852,7.10543432696555e-05,3.83146679500619e-05,-0.000109369011219717
3.88,-0.000114722956459615,9.56024637163466e-05,-0.000298272220793296,0.000248560183994414,7.45680551983242e-05,4.02093685358965e-05,-0.000114777423734221
3.89,-0.000103101714973342,8.59180958111187e-05,-0.000311501082442154,0.000259584235368462,7.78752706105386e-05,4.19927199051074e-05,-0.000119867990515646
3.9,-9.16894770932098e-05,7.64078975776755e-05,-0.000323910568129343,0.00026992547344112,8.09776420323359e-05,4.36656131501103e-05,-0.000124643255182446
3.91,-8.04955124715607e-05,6.70795937263012e-05,-0.000335508210576776,0.000279590175480648,8.38770526441943e-05,4.5229063739227e-05,-0.000129106116383421
3.92,-6.95285166122936e-05,5.79404305102453e-05,-0.000346302427178727,0.000288585355982273,8.65756067946819e-05,4.66842064013555e-05,-0.000133259813196037
3.93,-5.87966161491522e-05,4.89971801242941e-05,-0.000356302481983991,0.00029691873498666,8.9075620495998e-05,4.80322900008761e-05,-0.000137107910496874
3.94,-4.83073747439124e-05,4.02561456199275e-05,-0.000365518447659806,0.000304598706383172,9.13796119149517e-05,4.92746724100975e-05,-0.000140654284325049
3.95,-3.80677995778342e-05,3.17231663148623e-05,-0.000373961167490082,0.000311634306241736,9.34902918725208e-05,5.04128153863292e-05,-0.00014390310725885
3.96,-2.80843484097234e-05,2.340362367477e-05,-0.00038164221745891,0.000318035181215759,9.54105543647278e-05,5.14482794604485e-05,-0.000146858833825176
3.97,-1.83629371739752e-05,1.53024476449798e-05,-0.000388573868468631,0.000323811557057193,9.7143467117158e-05,5.23827188436093e-05,-0.000149526185960767
3.98,-8.9089480920322e-06,7.42412341002729e-06,-0.000394769048740121,0.000328974207283435,9.86922621850306e-05,5.32178763585134e-05,-0.000151910138543544
3.99,2.72761729219568e-07,-2.27301441015879e-07,-0.000400241306441235,0.000333534422034364,0.000100060326610309,5.39555784014401e-05,-0.000154015905011749
4,9.1778512384613e-06,-7.64820936538401e-06,-0.000405004772587685,0.000337503977156405,0.000101251193146921,5.45977299410017e-05,-0.000155848923087923
4.01,1.78024859465467e-05,-1.48354049554552e-05,-0.000409074124258913,0.000340895103549095,0.000102268531064728,5.51463095593629e-05,-0.000157414840624091
4.02,2.61433280246975e-05,-2.17861066872475e-05,-0.000412464548169818,0.000343720456808182,0.000103116137042455,5.56033645414324e-05,-0.000158719501583887
4.03,3.41975260200639e-05,-2.84979383500529e-05,-0.000415191704637481,0.000345993087197902,0.00010379792615937,5.59710060173019e-05,-0.000159768932176672
4.04,4.19627042141771e-05,-3.49689201784806e-05,-0.000417271691980314,0.000347726409983596,0.000104317922995079,5.62514041629809e-05,-0.00016056932715806
4.05,4.94369516495408e-05,-4.11974597079503e-05,-0.000418721011385349,0.000348934176154458,0.000104680252846337,5.64467834642389e-05,-0.000161127036310576
4.06,5.66188108493096e-05,-4.71823423744244e-05,-0.000419556532277673,0.000349630443564728,0.000104889133069418,5.6559418048142e-05,-0.00016144855111756
4.07,6.3507266254672e-05,-5.29227218788931e-05,-0.000419795458224299,0.00034982954852025,0.000104948864556075,5.65916270866342e-05,-0.000161540491642709
4.08,7.01017324042027e-05,-5.84181103368354e-05,-0.000419455293403076,0.000349546077835897,0.000104863823350769,5.65457702762911e-05,-0.00016140959362706
4.09,7.64020418790777e-05,-6.36683682325645e-05,-0.000418553809665531,0.000348794841387944,0.000104638452416383,5.64242433981406e-05,-0.000161062695814524
4.1,8.24084330376466e-05,-6.86736941980387e-05,-0.00041710901422089,0.000347590845184076,0.000104277253555223,5.62294739612213e-05,-0.000160506727516444
4.11,8.81215375624428e-05,-7.34346146353688e-05,-0.000415139117966813,0.000345949264972345,0.000103784779491704,5.59639169333258e-05,-0.000159748696425029
4.12,9.35423678422742e-05,-7.7951973201895e-05,-0.000412662504490774,0.000343885420408979,0.000103165626122694,5.56300505621492e-05,-0.000158795676684843
4.13,9.86723042115874e-05,-8.22269201763227e-05,-0.000409697699764344,0.000341414749803621,0.000102424424941086,5.52303722898485e-05,-0.000157654797230935
4.14,0.000103513082068825,-8.62609017240209e-05,-0.000406263342551054,0.000338552785459212,0.000101565835637764,5.47673947637959e-05,-0.00015633323040156
4.15,0.000108066778895014,-9.00556490791782e-05,-0.00040237815554688,0.0003353151296224,0.00010059453888672,5.42436419460972e-05,-0.000154838180832817
4.16,0.000112335801193315,-9.36131676610959e-05,-0.000398060917270861,0.000331717431059052,9.95152293177155e-05,5.36616453242328e-05,-0.000153176874641948
4.17,0.000116322871369765,-9.6935726141471e-05,-0.000393330434721785,0.000327775362268154,9.83326086804463e-05,5.30239402249695e-05,-0.000151356548905416
4.18,0.000120031014574899,-0.000100025845479083,-0.000388205516815342,0.000323504597346119,9.70513792038358e-05,5.23330622334882e-05,-0.000149384441437324
4.19,0.000123463545525417,-0.000102886287937848,-0.000382704948614695,0.000318920790512247,9.5676237153674e-05,5.15915437194663e-05,-0.00014726778087314
4.2,0.00012662405532451,-0.000105520046103758,-0.000376847466365871,0.000314039555304893,9.42118665914679e-05,5.08019104716599e-05,-0.000145013777063128
4.21,0.000129516398298895,-0.000107930331915745,-0.000370651733348005,0.000308876444456672,9.26629333370015e-05,4.99666784423318e-05,-0.000142629611779333
4.22,0.000132144678870061,-0.000110120565725051,-0.000364136316547013,0.000303446930455844,9.10340791367533e-05,4.90883506026848e-05,-0.000140122429739438
4.23,0.000134513238476647,-0.000112094365397205,-0.000357319664159887,0.000297766386799906,8.93299160399719e-05,4.81694139102699e-05,-0.000137499329950242
4.24,0.00013662664256428,-0.000113855535470233,-0.000350220083935487,0.000291850069946239,8.75550209838718e-05,4.72123363891591e-05,-0.000134767357373031
4.25,0.00013848966765867,-0.000115408056382225,-0.000342855722356337,0.000285713101963615,8.57139305890845e-05,4.62195643234935e-05,-0.000131933494912578
4.26,0.000140107288537102,-0.000116756073780918,-0.000335244544664699,0.000279370453887249,8.38111361661748e-05,4.51935195648454e-05,-0.00012900465573102
4.27,0.00014148466551294,-0.00011790388792745,-0.000327404315734894,0.000272836929779079,8.18510789337236e-05,4.4136596953662e-05,-0.000125987675887386
4.28,0.000142627131847124,-0.000118855943205936,-0.000319352581792678,0.000266127151493898,7.98381454481695e-05,4.30511618548972e-05,-0.000122889307303067
4.29,0.000143540181300068,-0.000119616817750056,-0.000311106652981246,0.000259255544151039,7.77766632453117e-05,4.19395478077769e-05,-0.000119716211053089
4.3,0.00014422945583677,-0.000120191213197308,-0.00030268358677234,0.000252236322310284,7.56708966930851e-05,4.08040542894888e-05,-0.000116474950982574
4.31,0.000144700733497347,-0.000120583944581122,-0.000294100172219779,0.000245083476849817,7.3525043054945e-05,3.96469445924398e-05,-0.000113171987647385
4.32,0.000144959916444622,-0.000120799930370518,-0.000285372915051718,0.000237810762543099,7.13432287629297e-05,3.84704438145772e-05,-0.000109813672577507
4.33,0.000145013019199791,-0.000120844182666492,-0.000276518023596839,0.000230431686330699,6.91295058992098e-05,3.72767369621333e-05,-0.000106406242861343
4.34,0.000144866157076628,-0.000120721797563856,-0.000267551395538739,0.000222959496282283,6.68878488846849e-05,3.60679671640155e-05,-0.0001029558160487
4.35,0.000144525534824072,-0.000120437945686727,-0.000258488605491792,0.000215407171243161,6.46221513729482e-05,3.48462339969377e-05,-9.94683853698858e-05
4.36,0.0001439974354865,-0.000119997862905417,-0.000249344893390835,0.00020778741115903,6.23362233477089e-05,3.36135919202613e-05,-9.59498152679702e-05
4.37,0.000143288209490366,-0.000119406841241972,-0.000240135153686167,0.000200112628071806,6.00337884215419e-05,3.23720488193994e-05,-9.24058372409413e-05
4.38,0.000142404263965363,-0.000118670219971135,-0.00023087392533449,0.000192394937778742,5.77184813336227e-05,3.11235646565188e-05,-8.88420459901414e-05
4.39,0.000141352052307669,-0.000117793376923058,-0.000221575382575613,0.000184646152146344,5.53938456439033e-05,2.98700502271693e-05,-8.52638958710727e-05
4.4,0.000140138063992295,-0.000116781719993579,-0.000212253326483978,0.000176877772069982,5.30633316209947e-05,2.86133660213659e-05,-8.16766976423606e-05
4.41,0.000138768814640987,-0.000115640678867489,-0.000202921177283338,0.000169100981069448,5.07302943208345e-05,2.73553211875476e-05,-7.80856155083821e-05
4.42,0.000137250836351622,-0.000114375696959685,-0.000193591967412205,0.000161326639510171,4.83979918530514e-05,2.6097672597748e-05,-7.44956644507994e-05
4.43,0.000135590668294461,-0.000112992223578717,-0.000184278335327067,0.000153565279439223,4.60695838317668e-05,2.48421240122208e-05,-7.09117078439876e-05
4.44,0.000133794847580134,-0.000111495706316778,-0.000174992520029706,0.000145827100024756,4.37481300074267e-05,2.35903253416816e-05,-6.73384553491082e-05
4.45,0.000131869900403695,-0.000109891583669746,-0.000165746356304425,0.000138121963587021,4.14365890761064e-05,2.23438720052486e-05,-6.37804610813549e-05
4.46,0.000129822333468579,-0.000108185277890483,-0.000156551270650389,0.000130459392208658,3.91378176625973e-05,2.11043043820924e-05,-6.02421220446897e-05
4.47,0.000127658625693795,-0.000106382188078163,-0.000147418277893831,0.000122848564911526,3.68545694734578e-05,1.98731073547346e-05,-5.67276768281924e-05
4.48,0.00012538522020722,-0.000104487683506017,-0.000138357978464366,0.000115298315386972,3.45894946160916e-05,1.86517099418746e-05,-5.32412045579662e-05
4.49,0.000123008516627349,-0.000102507097189458,-0.000129380556319235,0.00010781713026603,3.23451390798089e-05,1.74414850185619e-05,-4.97866240983708e-05
4.5,0.000120534863635426,-0.000100445719696188,-0.000120495777498902,0.000100413147915752,3.01239443747256e-05,1.62437491214792e-05,-4.63676934962049e-05
4.51,0.000117970551839396,-9.83087931994966e-05,-0.000111712989297054,9.30941577475451e-05,2.79282473242635e-05,1.50597623370526e-05,-4.29880096613161e-05
4.52,0.000115321806930704,-9.61015057755868e-05,-0.000103041120027727,8.58676000231062e-05,2.57602800069319e-05,1.38907282700581e-05,-3.96510082769899e-05
4.53,0.000112594783134512,-9.38289859454269e-05,-9.44886793719888e-05,7.87405661433242e-05,2.36221698429972e-05,1.27377940903569e-05,-3.63599639333541e-05
4.54,0.000109795556953501,-9.14962974612507e-05,-8.60637592863218e-05,7.17197994052683e-05,2.15159398215805e-05,1.16020506553528e-05,-3.31179904769333e-05
4.55,0.000106930121205015,-8.91084343375127e-05,-7.77740354546499e-05,6.48116962122084e-05,1.94435088636625e-05,1.04845327057363e-05,-2.99280415693988e-05
4.56,0.000104004379350915,-8.66703161257629e-05,-6.96267692657208e-05,5.80223077214341e-05,1.74066923164302e-05,9.38621913205042e-06,-2.67929114484807e-05
4.57,0.000101024140119115,-8.41867834325957e-05,-6.16288102974055e-05,5.13573419145047e-05,1.54072025743514e-05,8.30803330959385e-06,-2.37152358839452e-05
4.58,9.79951124154217e-05,-8.16625936795181e-05,-5.37865992893262e-05,4.48221660744386e-05,1.34466498223316e-05,7.25084349915337e-06,-2.0697493321485e-05
4.59,9.49229005239415e-05,-7.91024171032847e-05,-4.61061715851194e-05,3.84218096542663e-05,1.15265428962799e-05,6.21546331104736e-06,-1.77420062073272e-05
4.6,9.18129995939594e-05,-7.65108329949662e-05,-3.85931610255552e-05,3.21609675212961e-05,9.64829025638884e-06,5.20265222994789e-06,-1.48509424863367e-05
4.61,8.86707914108879e-05,-7.389232617574e-05,-3.1252804273684e-05,2.60440035614034e-05,7.81320106842102e-06,4.21311619794345e-06,-1.20263172663645e-05
4.62,8.5501540448555e-05,-7.12512837071292e-05,-2.40899455531532e-05,2.00749546276277e-05,6.02248638828832e-06,3.24750825330023e-06,-9.26999464158855e-06
4.63,8.23103901997989e-05,-6.85919918331658e-05,-1.71090417808395e-05,1.42575348173663e-05,4.2772604452099e-06,2.30642922237997e-06,-6.58368966758987e-06
4.64,7.91023597820516e-05,-6.59186331517097e-05,-1.03141680749656e-05,8.59514006247139e-06,2.57854201874142e-06,1.39042846217609e-06,-3.9689704809175e-06
4.65,7.58823408143136e-05,-6.3235284011928e-05,-3.70902361992402e-06,3.0908530166034e-06,9.27255904981021e-07,5.00004650936706e-07,-1.42726055591773e-06
4.66,7.26550945616602e-05,-6.05459121347168e-05,2.7030621308943e-06,-2.25255177574521e-06,-6.75765532723562e-07,-3.64393375646868e-07,1.04015890837043e-06
4.67,6.94252493431703e-05,-5.78543744526419e-05,8.9191229328722e-06,-7.43260244406012e-06,-2.22978073321804e-06,-1.20236574519409e-06,3.43214647841213e-06
4.68,6.61972981989306e-05,-5.51644151657755e-05,1.49365489270213e-05,-1.24471241058511e-05,-3.73413723175532e-06,-2.01356062882324e-06,5.74769786057856e-06
4.69,6.29755968115461e-05,-5.24796640096217e-05,2.07530795342609e-05,-1.72942329452174e-05,-5.18826988356522e-06,-2.79767328324605e-06,7.98594316681127e-06
4.7,5.9764361677374e-05,-4.9803634731145e-05,2.63667960852969e-05,-2.19723300710807e-05,-6.59169902132421e-06,-3.55444505721925e-06,1.01461440785435e-05
4.71,5.65676685225041e-05,-4.71397237687534e-05,3.17761142040948e-05,-2.6480095170079e-05,-7.94402855102371e-06,-4.28366236477865e-06,1.22276909158024e-05
4.72,5.33894509583197e-05,-4.44912091319331e-05,3.69797759627378e-05,-3.08164799689482e-05,-9.24494399068446e-06,-4.98515562765421e-06,1.42300996183387e-05
4.73,5.02334993713026e-05,-4.18612494760855e-05,4.19768418252386e-05,-3.49807015210322e-05,-1.04942104563096e-05,-5.65879818923451e-06,1.61530086455442e-05
4.74,4.71034600415851e-05,-3.92528833679876e-05,4.67666823976387e-05,-3.89722353313656e-05,-1.16916705994097e-05,-6.30450520241726e-06,1.79961758018269e-05
4.75,4.40028344846037e-05,-3.66690287371698e-05,5.13489700014712e-05,-4.27908083345593e-05,-1.28372425003678e-05,-6.92223249364784e-06,1.97594749940156e-05
4.76,4.09349790100738e-05,-3.41124825083949e-05,5.57236700873943e-05,-4.64363917394953e-05,-1.39309175218486e-05,-7.51197540541167e-06,2.14428929272602e-05
4.77,3.79031044923807e-05,-3.15859204103172e-05,5.98910325055167e-05,-4.99091937545973e-05,-1.49727581263792e-05,-8.07376761940753e-06,2.30465257457867e-05
4.78,3.49102763463702e-05,-2.90918969553085e-05,6.38515826486372e-05,-5.32096522071977e-05,-1.59628956621593e-05,-8.6076799625888e-06,2.45705756247481e-05
4.79,3.19594147024225e-05,-2.66328455853521e-05,6.76061124843085e-05,-5.63384270702571e-05,-1.69015281210771e-05,-9.11381919821727e-06,2.60153473192944e-05
4.8,2.90532947746022e-05,-2.42110789788351e-05,7.11556714913093e-05,-5.92963929094244e-05,-1.77889178728273e-05,-9.59232680403054e-06,2.73812446768579e-05
4.81,2.61945474156012e-05,-2.1828789513001e-05,7.45015575157744e-05,-6.20846312631454e-05,-1.86253893789436e-05,-1.00433777395786e-05,2.86687671185222e-05
4.82,2.33856598521238e-05,-1.94880498767698e-05,7.76453075618823e-05,-6.47044229682353e-05,-1.94113268904706e-05,-1.04671792047385e-05,2.98785060952091e-05
4.83,2.06289765943057e-05,-1.71908138285881e-05,8.05886885316458e-05,-6.71572404430382e-05,-2.01471721329115e-05,-1.08639693913674e-05,3.10111415242788e-05
4.84,1.79267005127148e-05,-1.4938917093929e-05,8.33336879279831e-05,-6.94447399399859e-05,-2.08334219819958e-05,-1.12340162300055e-05,3.20674382120013e-05
4.85,1.52808940764451e-05,-1.27340783970376e-05,8.58825045348717e-05,-7.15687537790597e-05,-2.14706261337179e-05,-1.15776161334904e-05,3.30482422672083e-05
4.86,1.26934807457877e-05,-1.05779006214898e-05,8.82375390880074e-05,-7.35312825733395e-05,-2.20593847720019e-05,-1.18950927392901e-05,3.3954477511292e-05
4.87,1.01662465129509e-05,-8.47187209412572e-06,9.04013849489986e-05,-7.53344874574989e-05,-2.26003462372497e-05,-1.21867956523139e-05,3.47871418895635e-05
4.88,7.70084158428927e-06,-6.41736798690772e-06,9.23768187957328e-05,-7.69806823297774e-05,-2.30942046989332e-05,-1.24530991899023e-05,3.55473038888355e-05
4.89,5.29878219750978e-06,-4.41565183125814e-06,9.41667913411508e-05,-7.84723261176257e-05,-2.35416978352877e-05,-1.26944011306477e-05,3.62360989659354e-05
4.9,2.9614525673293e-06,-2.46787713944108e-06,9.57744180922584e-05,-7.9812015076882e-05,-2.39436045230646e-05,-1.2911121468638e-05,3.68547259917026e-05
4.91,6.90106953081445e-07,-5.75089127567865e-07,9.72029701607968e-05,-8.10024751339974e-05,-2.43007425401992e-05,-1.31037011746656e-05,3.74044437148649e-05
4.92,-1.51412815820319e-06,1.26177346516933e-06,9.84558651365783e-05,-8.2046554280482e-05,-2.46139662841446e-05,-1.32726009658832e-05,3.78865672500277e-05
4.93,-3.6502517596823e-06,3.04187646640192e-06,9.95366580340808e-05,-8.29472150284007e-05,-2.48841645085202e-05,-1.34183000853354e-05,3.83024645938556e-05
4.94,-5.71738592994785e-06,4.76448827495655e-06,0.000100449032322475,-8.37075269353958e-05,-2.51122580806187e-05,-1.35412950927389e-05,3.86535531733576e-05
4.95,-7.71477334197666e-06,6.42897778498056e-06,0.000101196791048841,-8.43306592073671e-05,-2.52991977622101e-05,-1.36420986678234e-05,3.89412964300336e-05
4.96,-9.64177468207094e-06,8.03481223505912e-06,0.000101783848063908,-8.481987338659e-05,-2.5445962015977e-05,-1.37212384274955e-05,3.91672004434725e-05
4.97,-1.14978659850089e-05,9.58155498750738e-06,0.000102214219359241,-8.51785161327011e-05,-2.55535548398103e-05,-1.37792557580243e-05,3.93328105978346e-05
4.98,-1.32826358915534e-05,1.10688632429612e-05,0.000102492014524359,-8.54100121036329e-05,-2.56230036310899e-05,-1.38167046633967e-05,3.94397082944866e-05
4.99,-1.49957828343898e-05,1.24964856953249e-05,0.000102621428331875,-8.55178569432293e-05,-2.56553570829688e-05,-1.383415063093e-05,3.94895077138988e-05
5,-1.66371121584774e-05,1.38642601320645e-05,0.000102606732458312,-8.55056103819263e-05,-2.56516831145779e-05,-1.38321695151744e-05,3.94838526297523e-05
5.01,-1.82065331817124e-05,1.51721109847603e-05,0.000102452267347845,-8.53768894565373e-05,-2.56130668369612e-05,-1.3811346441084e-05,3.94244132780451e-05
5.02,-1.97040562017034e-05,1.64200468347528e-05,0.000102162434225804,-8.51353618548367e-05,-2.5540608556451e-05,-1.37722747273754e-05,3.93128832838264e-05
5.03,-2.11297894543599e-05,1.76081578786333e-05,0.000101741687268358,-8.47847393902981e-05,-2.54354218170894e-05,-1.37155548309422e-05,3.91509766480316e-05
5.04,-2.24839360298911e-05,1.87366133582426e-05,0.0001011945259344,-8.43287716120004e-05,-2.52986314836001e-05,-1.36417933131341e-05,3.89404247967342e-05
5.05,-2.37667907517006e-05,1.98056589597505e-05,0.000100525487465261,-8.37712395543839e-05,-2.51313718663152e-05,-1.35516018286614e-05,3.86829736949765e-05
5.06,-2.49787370235519e-05,2.08156141862932e-05,9.97391395574465e-05,-8.31159496312055e-05,-2.49347848893616e-05,-1.34455961378242e-05,3.83803810271859e-05
5.07,-2.61202436502578e-05,2.17668697085482e-05,9.88400732132578e-05,-8.23667276777149e-05,-2.47100183033145e-05,-1.33243951427213e-05,3.80344134460357e-05
5.08,-2.7191861637031e-05,2.26598846975259e-05,9.78328957737009e-05,-8.15274131447508e-05,-2.44582239434252e-05,-1.31886199480335e-05,3.76468438914587e-05
5.09,-2.81942209725026e-05,2.34951841437522e-05,9.67222241377661e-05,-8.06018534481384e-05,-2.41805560344415e-05,-1.30388929469306e-05,3.72194489813721e-05
5.1,-2.91280274002928e-05,2.42733561669107e-05,9.55126781717451e-05,-7.95938984764542e-05,-2.38781695429363e-05,-1.28758369325975e-05,3.67540064755337e-05
5.11,-2.99940591838836e-05,2.4995049319903e-05,9.42088743119017e-05,-7.85073952599181e-05,-2.35522185779754e-05,-1.27000742358249e-05,3.62522928138004e-05
5.12,-3.07931638694126e-05,2.56609698911772e-05,9.28154193634417e-05,-7.73461828028681e-05,-2.32038548408604e-05,-1.25122258890638e-05,3.57160807299242e-05
5.13,-3.15262550508703e-05,2.62718792090585e-05,9.13369044983726e-05,-7.61140870819772e-05,-2.28342261245932e-05,-1.23129108172906e-05,3.51471369418837e-05
5.14,-3.21943091420453e-05,2.68285909517044e-05,8.97778994544961e-05,-7.48149162120801e-05,-2.2444474863624e-05,-1.21027450559876e-05,3.45472199196116e-05
5.15,-3.27983621594255e-05,2.73319684661879e-05,8.81429469374306e-05,-7.34524557811921e-05,-2.20357367343576e-05,-1.18823409964928e-05,3.39180777308504e-05
5.16,-3.33395065201165e-05,2.7782922100097e-05,8.64365572272312e-05,-7.2030464356026e-05,-2.16091393068078e-05,-1.1652306658931e-05,3.32614459657388e-05
5.17,-3.38188878587034e-05,2.81824065489195e-05,8.46632029908447e-05,-7.05526691590372e-05,-2.11658007477112e-05,-1.14132449928935e-05,3.25790457406046e-05
5.18,-3.42377018668333e-05,2.85314182223611e-05,8.28273143013193e-05,-6.90227619177661e-05,-2.07068285753298e-05,-1.11657532059893e-05,3.18725817813191e-05
5.19,-3.45971911591531e-05,2.88309926326276e-05,8.09332738643818e-05,-6.74443948869849e-05,-2.02333184660955e-05,-1.09104221203516e-05,3.11437405864471e-05
5.2,-3.48986421690947e-05,2.90822018075789e-05,7.89854124526886e-05,-6.58211770439072e-05,-1.97463531131721e-05,-1.064783555714e-05,3.03941886703121e-05
5.21,-3.51433820778499e-05,2.92861517315416e-05,7.69880045477676e-05,-6.4156670456473e-05,-1.92470011369419e-05,-1.03785697490406e-05,2.96255708859825e-05
5.22,-3.53327757797364e-05,2.9443979816447e-05,7.49452641893825e-05,-6.24543868244854e-05,-1.87363160473456e-05,-1.01031927807296e-05,2.88395088280752e-05
5.23,-3.54682228870077e-05,2.95568524058397e-05,7.28613410317756e-05,-6.07177841931463e-05,-1.82153352579439e-05,-9.82226405722379e-06,2.80375993151677e-05
5.24,-3.55511547770149e-05,2.9625962314179e-05,7.07403166059786e-05,-5.89502638383155e-05,-1.76850791514947e-05,-9.53633380001218e-06,2.72214129515068e-05
5.25,-3.55830316844848e-05,2.96525264037373e-05,6.85862007871254e-05,-5.71551673226045e-05,-1.71465501967813e-05,-9.24594257082258e-06,2.63924927676039e-05
5.26,-3.55653398415329e-05,2.96377832012774e-05,6.64029284654491e-05,-5.53357737212076e-05,-1.66007321163623e-05,-8.9516208228468e-06,2.55523529392091e-05
5.27,-3.54995886678866e-05,2.95829905565721e-05,6.41943564194122e-05,-5.34952970161768e-05,-1.60485891048531e-05,-8.65388847921457e-06,2.47024775840676e-05
5.28,-3.53873080136513e-05,2.94894233447094e-05,6.19642603891826e-05,-5.16368836576521e-05,-1.54910650972956e-05,-8.35325453847596e-06,2.38443196357716e-05
5.29,-3.52300454568107e-05,2.93583712140089e-05,5.97163323484539e-05,-4.97636102903782e-05,-1.49290830871135e-05,-8.05021670682193e-06,2.29792997939354e-05
5.3,-3.50293636575117e-05,2.91911363812597e-05,5.74541779723942e-05,-4.78784816436618e-05,-1.43635444930986e-05,-7.74526105674444e-06,2.2108805549843e-05
5.31,-3.47868377710457e-05,2.89890314758714e-05,5.5181314299306e-05,-4.59844285827549e-05,-1.37953285748265e-05,-7.4388617118105e-06,2.1234190286637e-05
5.32,-3.45040529213004e-05,2.8753377434417e-05,5.2901167583389e-05,-4.40843063194908e-05,-1.32252918958472e-05,-7.1314805571982e-06,2.03567724530454e-05
5.33,-3.41826017363211e-05,2.84855014469342e-05,5.06170713358149e-05,-4.21808927798457e-05,-1.26542678339537e-05,-6.82356697561859e-06,1.94778348095723e-05
5.34,-3.38240819474852e-05,2.81867349562376e-05,4.83322645511467e-05,-4.02768871259555e-05,-1.20830661377867e-05,-6.51555760822361e-06,1.85986237460103e-05
5.35,-3.34300940536632e-05,2.7858411711386e-05,4.60498901159748e-05,-3.8374908429979e-05,-1.15124725289937e-05,-6.207876140078e-06,1.77203486690717e-05
5.36,-3.30022390516094e-05,2.75018658763411e-05,4.3772993396484e-05,-3.647749449707e-05,-1.0943248349121e-05,-5.9009331097526e-06,1.68441814588736e-05
5.37,-3.25421162336957e-05,2.71184301947463e-05,4.15045210015203e-05,-3.45871008346002e-05,-1.03761302503801e-05,-5.59512574257638e-06,1.59712559929564e-05
5.38,-3.20513210539806e-05,2.67094342116504e-05,3.92473197175906e-05,-3.27060997646588e-05,-9.81182992939763e-06,-5.29083780706619e-06,1.51026677364638e-05
5.39,-3.1531443063478e-05,2.62762025528983e-05,3.7004135612098e-05,-3.08367796767483e-05,-9.25103390302448e-06,-4.98843949403614e-06,1.42394733970606e-05
5.4,-3.09840639153733e-05,2.5820053262811e-05,3.47776133009994e-05,-2.89813444174994e-05,-8.69440332524983e-06,-4.6882873178722e-06,1.3382690643122e-05
5.41,-3.04107554408147e-05,2.53422962006788e-05,3.25702953769586e-05,-2.71419128141321e-05,-8.14257384423964e-06,-4.39072403944289e-06,1.25332978836825e-05
5.42,-2.9813077795793e-05,2.48442314964941e-05,3.03846219939688e-05,-2.53205183283073e-05,-7.59615549849219e-06,-4.09607861010322e-06,1.16922341085954e-05
5.43,-2.91925776795108e-05,2.43271480662589e-05,2.82229306043243e-05,-2.35191088369369e-05,-7.05573265108106e-06,-3.80466613623651e-06,1.08603987873176e-05
5.44,-2.85507866245314e-05,2.37923221871094e-05,2.60874558437365e-05,-2.1739546536447e-05,-6.5218639609341e-06,-3.51678786376713e-06,1.00386518247012e-05
5.45,-2.78892193588927e-05,2.32410161324106e-05,2.39803295603134e-05,-1.99836079669278e-05,-5.99508239007833e-06,-3.23273118206713e-06,9.22781357214546e-06
5.46,-2.72093722402665e-05,2.26744768668887e-05,2.1903580983053e-05,-1.82529841525441e-05,-5.47589524576323e-06,-2.95276964667047e-06,8.4286648924337e-06
5.47,-2.65127217621412e-05,2.20939348017843e-05,1.98591370254406e-05,-1.65492808545338e-05,-4.96478425636013e-06,-2.67716302020024e-06,7.64194727656037e-06
5.48,-2.58007231319128e-05,2.15006026099272e-05,1.78488227196887e-05,-1.48740189330739e-05,-4.46220567992216e-06,-2.40615733090751e-06,6.86836301082967e-06
5.49,-2.50748089206686e-05,2.08956741005571e-05,1.58743617771119e-05,-1.32286348142599e-05,-3.96859044427797e-06,-2.1399849482141e-06,6.10857539249207e-06
5.5,-2.43363877843617e-05,2.02803231536347e-05,1.39373772700927e-05,-1.16144810584105e-05,-3.48434431752316e-06,-1.87886467464685e-06,5.36320899217001e-06
5.51,-2.35868432559809e-05,1.96557027133173e-05,1.20393924310645e-05,-1.0032827025887e-05,-3.0098481077661e-06,-1.62300185354653e-06,4.63284996131262e-06
5.52,-2.28275326082415e-05,1.90229438402012e-05,1.01818315639142e-05,-8.48485963659511e-06,-2.54545789097853e-06,-1.37258849193192e-06,3.91804638291045e-06
5.53,-2.20597857862344e-05,1.83831548218619e-05,8.36602106319264e-06,-6.97168421932714e-06,-2.09150526579814e-06,-1.12780339789709e-06,3.21930866369523e-06
5.54,-2.12849044093957e-05,1.7737420341163e-05,6.59319053650944e-06,-5.49432544709114e-06,-1.64829763412734e-06,-8.88812331918827e-07,2.53710996604617e-06
5.55,-2.05041608420835e-05,1.70868007017362e-05,4.86447402548951e-06,-4.05372835457453e-06,-1.21611850637236e-06,-6.55768171450861e-07,1.87188667782322e-06
5.56,-1.97187973319739e-05,1.64323311099781e-05,3.1809113206698e-06,-2.65075943389144e-06,-7.95227830167432e-07,-4.28811088181951e-07,1.22403891834938e-06
5.57,-1.89300252154221e-05,1.57750210128517e-05,1.54344936572625e-06,-1.28620780477181e-06,-3.85862341431543e-07,-2.08068737336401e-07,5.93931078767944e-07
5.58,-1.81390241888664e-05,1.51158534907219e-05,-4.70562535632542e-08,3.92135446361058e-08,1.17640633908318e-08,6.34354160239417e-09,-1.81076049932259e-08
5.59,-1.73469416452908e-05,1.44557847044089e-05,-1.58983974019232e-06,1.32486645016033e-06,3.97459935048099e-07,2.14322513361732e-07,-6.11782448409831e-07
5.6,-1.65548920747043e-05,1.37957433955868e-05,-3.08422344118082e-06,2.57018620098408e-06,7.71055860295223e-07,4.15776825155403e-07,-1.18683268545063e-06
5.61,-1.57639565275358e-05,1.31366304396131e-05,-4.52961613172279e-06,3.77468010976905e-06,1.13240403293072e-06,6.10626775373763e-07,-1.74303080830448e-06
5.62,-1.49751821397928e-05,1.24793184498272e-05,-5.92551123270167e-06,4.93792602725145e-06,1.48137780817543e-06,7.98804073291189e-07,-2.28018188146662e-06
5.63,-1.41895817187821e-05,1.18246514323184e-05,-7.27148496600354e-06,6.05957080500301e-06,1.8178712415009e-06,9.80251590388257e-07,-2.79812283188916e-06
5.64,-1.34081333881424e-05,1.11734444901186e-05,-8.56719445201177e-06,7.13932871000987e-06,2.14179861300296e-06,1.15492310387951e-06,-3.29672171688247e-06
5.65,-1.26317802908967e-05,1.05264835757471e-05,-9.8123757536136e-06,8.17697979467806e-06,2.45309393840342e-06,1.32278303303065e-06,-3.77587697143406e-06
5.66,-1.1861430349192e-05,9.88452529099323e-06,-1.10068418709931e-05,9.17236822582762e-06,2.75171046774829e-06,1.48380616884133e-06,-4.23551663658962e-06
5.67,-1.10979560793546e-05,9.24829673279544e-06,-1.21504806914234e-05,1.01254005761862e-05,3.03762017285587e-06,1.63797739766156e-06,-4.67559757051743e-06
5.68,-1.03421944608569e-05,8.61849538404733e-06,-1.32432528982074e-05,1.10360440818395e-05,3.31081322455186e-06,1.78529141930091e-06,-5.09610464385278e-06
5.69,-9.59494685775791e-06,7.99578904813152e-06,-1.42851898428458e-05,1.19043248690382e-05,3.57129746071147e-06,1.92575246018064e-06,-5.4970499208921e-06
5.7,-8.85697899115405e-06,7.38081582596164e-06,-1.52763913844422e-05,1.27303261537019e-05,3.81909784611057e-06,2.05937398206892e-06,-5.87847182817948e-06
5.71,-8.12902096114721e-06,6.77418413428927e-06,-1.62170237002762e-05,1.35141864168969e-05,4.05425592506906e-06,2.18617838692951e-06,-6.24043431199857e-06
5.72,-7.41176731681761e-06,6.1764727640146e-06,-1.71073170714e-05,1.42560975595e-05,4.27682926785001e-06,2.30619671840327e-06,-6.58302598625328e-06
5.73,-6.70587717266656e-06,5.58823097722206e-06,-1.79475636470311e-05,1.49563030391926e-05,4.48689091175779e-06,2.41946836043121e-06,-6.90635927218901e-06
5.74,-6.01197436997769e-06,5.009978641648e-06,-1.87381151914296e-05,1.56150959928581e-05,4.68452879785742e-06,2.52604073351644e-06,-7.21056953137386e-06
5.75,-5.33064768153005e-06,4.44220640127497e-06,-1.94793808168627e-05,1.62328173473856e-05,4.86984520421568e-06,2.62596898911046e-06,-7.49581419332615e-06
5.76,-4.66245105808441e-06,3.88537588173694e-06,-2.01718247061694e-05,1.68098539218079e-05,5.04295617654237e-06,2.7193157025976e-06,-7.76227187913997e-06
5.77,-4.00790391505402e-06,3.33991992921161e-06,-2.08159638283486e-05,1.73466365236239e-05,5.20399095708718e-06,2.80615056533878e-06,-8.01014152242596e-06
5.78,-3.36749145776416e-06,2.80624288147006e-06,-2.14123656504983e-05,1.78436380420819e-05,5.35309141262458e-06,2.88655007622355e-06,-8.23964148884813e-06
5.79,-2.74166504369974e-06,2.28472086974971e-06,-2.19616458493414e-05,1.83013715411178e-05,5.49041146233535e-06,2.96059723316633e-06,-8.45100869550168e-06
5.8,-2.13084258013756e-06,1.77570215011456e-06,-2.24644660254768e-05,1.87203883545641e-05,5.61611650636922e-06,3.02838122497e-06,-8.64449773133922e-06
5.81,-1.53540895555981e-06,1.27950746296644e-06,-2.29215314233951e-05,1.91012761861626e-05,5.73038285584878e-06,3.08999712396663e-06,-8.82037997981541e-06
5.82,-9.55716503247055e-07,7.96430419372478e-07,-2.33335886602001e-05,1.94446572168335e-05,5.83339716505003e-06,3.14554557983192e-06,-8.97894274488195e-06
5.83,-3.92085495453123e-07,3.26737912877536e-07,-2.37014234658796e-05,1.97511862215664e-05,5.92535586646993e-06,3.19513251495636e-06,-9.12048838142628e-06
5.84,1.55195333429625e-07,-1.29329444524754e-07,-2.40258584378638e-05,2.00215486982199e-05,6.00646460946596e-06,3.23886882174264e-06,-9.2453334312086e-06
5.85,6.85868236298069e-07,-5.71556863581789e-07,-2.43077508125106e-05,2.02564590104256e-05,6.07693770312767e-06,3.27687006218498e-06,-9.35380776531265e-06
5.86,1.19970587693255e-06,-9.99754897443857e-07,-2.45479902560565e-05,2.04566585467138e-05,6.13699756401414e-06,3.30925617007227e-06,-9.44625373408641e-06
5.87,1.69651072931912e-06,-1.41375894109933e-06,-2.47474966774638e-05,2.06229138978866e-05,6.18687416936597e-06,3.33615115614342e-06,-9.52302532550938e-06
5.88,2.1761144542477e-06,-1.81342871187315e-06,-2.49072180654989e-05,2.07560150545824e-05,6.22680451637473e-06,3.35768281650886e-06,-9.58448733288359e-06
5.89,2.63837725471872e-06,-2.19864771226566e-06,-2.50281283522672e-05,2.08567736268893e-05,6.2570320880668e-06,3.37398244463888e-06,-9.63101453270568e-06
5.9,3.08318721167384e-06,-2.56932267639492e-06,-2.5111225305332e-05,2.09260210877767e-05,6.27780632633301e-06,3.38518454720514e-06,-9.66299087353815e-06
5.91,3.51045960154783e-06,-2.92538300128992e-06,-2.51575284504392e-05,2.09646070420327e-05,6.2893821126098e-06,3.39142656404813e-06,-9.68080867665792e-06
5.92,3.92013619711859e-06,-3.26678016426555e-06,-2.51680770267678e-05,2.09733975223065e-05,6.29201925669196e-06,3.39284859252936e-06,-9.68486784922132e-06
5.93,4.31218455311086e-06,-3.59348712759244e-06,-2.51439279765259e-05,2.09532733137716e-05,6.28598199413149e-06,3.38959311651357e-06,-9.67557511064505e-06
5.94,4.68659727798652e-06,-3.90549773165549e-06,-2.50861539706072e-05,2.09051283088394e-05,6.27153849265182e-06,3.38180474021221e-06,-9.65334323286403e-06
5.95,5.04339129333005e-06,-4.2028260777751e-06,-2.49958414719263e-05,2.0829867893272e-05,6.24896036798159e-06,3.36962992710625e-06,-9.61859029508784e-06
5.96,5.38260708221275e-06,-4.48550590184402e-06,-2.48740888379473e-05,2.07284073649561e-05,6.21852220948683e-06,3.35321674415258e-06,-9.57173895363941e-06
5.97,5.70430792789262e-06,-4.75358993991058e-06,-2.47220044638246e-05,2.06016703865205e-05,6.18050111595616e-06,3.33271461146524e-06,-9.5132157274214e-06
5.98,6.00857914417962e-06,-5.00714928681641e-06,-2.45407049674744e-05,2.04505874728953e-05,6.1351762418686e-06,3.30827405764923e-06,-9.44345029951783e-06
5.99,6.29552729876733e-06,-5.24627274897283e-06,-2.43313134177997e-05,2.02760945148331e-05,6.08282835444993e-06,3.28004648095175e-06,-9.36287483540168e-06
6,6.56527943080282e-06,-5.47106619233574e-06,-2.40949576071965e-05,2.00791313393304e-05,6.02373940179912e-06,3.24818391638281e-06,-9.27192331818193e-06
