Czas_s,Pozycja_X_m,Pozycja_Y_m,Kat_Alpha_rad,Kat_Beta_rad,Sterowanie_Ux,Sterowanie_Uy
0,0.05,0.05,0,0,-1.66666666666666,-1.66666666666666
0.01,0.05,0.05,0,0,-1.44203279656581,-1.44203279656581
0.02,0.05,0.05,-0.000166666666666666,-0.000166666666666666,-1.23462037247723,-1.23462037247723
0.03,0.05,0.05,-0.000477536612989913,-0.000477536612989913,-1.04352828110375,-1.04352828110375
0.04,0.0499998832142857,0.0499998832142857,-0.000911868596560883,-0.000911868596560883,-0.867883837101839,-0.867883837101839
0.05,0.0499994318118448,0.0499994318118448,-0.00145055340824223,-0.00145055340824223,-0.706843026230279,-0.706843026230279
0.06,0.0499983414500515,0.0499983414500515,-0.00207602660363376,-0.00207602660363376,-0.559590636402619,-0.559590636402619
0.07,0.0499962346647629,0.0499962346647629,-0.00277218410164831,-0.00277218410164831,-0.425340286160769,-0.425340286160769
0.08,0.0499926731779756,0.0499926731779756,-0.00352430066330313,-0.00352430066330313,-0.303334359566352,-0.303334359566352
0.09,0.0499871691821856,0.0499871691821856,-0.00431895125357402,-0.00431895125357402,-0.192843856003703,-0.192843856003703
0.1,0.0499791956585737,0.0499791956585737,-0.00514393527980155,-0.00514393527980155,-0.0931681629035637,-0.0931681629035637
0.11,0.0499681957841192,0.0499681957841192,-0.00598820369162945,-0.00598820369162945,-0.00363475892943943,-0.00363475892943943
0.12,0.0499535914807293,0.0499535914807293,-0.00684178891974771,-0.00684178891974771,0.0764011452807394,0.0764011452807394
0.13,0.0499347911574669,0.0499347911574669,-0.00769573762375891,-0.00769573762375891,0.147557022156842,0.147557022156842
0.14,0.0499111966949685,0.0499111966949685,-0.00854204621324204,-0.00854204621324204,0.210423491776273,0.210423491776273
0.15,0.0498822097191782,0.0498822097191782,-0.00937359910050948,-0.00937359910050948,0.265564830132253,0.265564830132253
0.16,0.0498472372095769,0.0498472372095769,-0.0101841096385993,-0.0101841096385993,0.313519515622148,0.313519515622148
0.17,0.0498056964851774,0.0498056964851774,-0.0109680636936759,-0.0109680636936759,0.354800808651422,0.354800808651422
0.18,0.0497570196096668,0.0497570196096668,-0.0117206657971903,-0.0117206657971903,0.389897359596499,0.389897359596499
0.19,0.0497006572552395,0.0497006572552395,-0.0124377878198395,-0.0124377878198395,0.419273840701796,0.419273840701796
0.2,0.0496360820628499,0.0496360820628499,-0.0131159201065291,-0.0131159201065291,0.443371597802572,0.443371597802572
0.21,0.0495627915348524,0.0495627915348524,-0.0137521250091485,-0.0137521250091485,0.462609318066566,0.462609318066566
0.22,0.0494803104942658,0.0494803104942658,-0.0143439927519876,-0.0143439927519876,0.477383710233953,0.477383710233953
0.23,0.0493881931432265,0.0493881931432265,-0.0148895995630201,-0.0148895995630201,0.488070194107391,0.488070194107391
0.24,0.0492860247515517,0.0492860247515517,-0.0153874680030292,-0.0153874680030292,0.495023596302337,0.495023596302337
0.25,0.0491734230047544,0.0491734230047544,-0.0158365294236276,-0.0158365294236276,0.498578849512595,0.498578849512595
0.26,0.0490500390393065,0.0490500390393065,-0.0162360884845957,-0.0162360884845957,0.499051692777949,0.499051692777949
0.27,0.0489155581914553,0.0489155581914553,-0.0165857896606125,-0.0165857896606125,0.496739370459857,0.496739370459857
0.28,0.0487697004844589,0.0487697004844589,-0.0168855856673516,-0.0168855856673516,0.491921327838199,0.491921327838199
0.29,0.0486122208777074,0.0486122208777074,-0.0171357077370447,-0.0171357077370447,0.484859901437279,0.484859901437279
0.3,0.0484429092998561,0.0484429092998561,-0.017336637673954,-0.017336637673954,0.475801002373166,0.475801002373166
0.31,0.0482615904867977,0.0482615904867977,-0.0174890816207195,-0.0174890816207195,0.464974791187419,0.464974791187419
0.32,0.0480681236440548,0.0480681236440548,-0.0175939454672477,-0.0175939454672477,0.452596342794753,0.452596342794753
0.33,0.0478624019519763,0.0478624019519763,-0.0176523118346572,-0.0176523118346572,0.438866300324593,0.438866300324593
0.34,0.0476443519309668,0.0476443519309668,-0.0176654185677872,-0.0176654185677872,0.423971516779236,0.423971516779236
0.35,0.0474139326828789,0.0474139326828789,-0.0176346386708847,-0.0176346386708847,0.408085683564873,0.408085683564873
0.36,0.0471711350236375,0.0471711350236375,-0.0175614616223043,-0.0175614616223043,0.391369945076362,0.391369945076362
0.37,0.0469159805211559,0.0469159805211559,-0.0174474760053675,-0.0174474760053675,0.373973498632889,0.373973498632889
0.38,0.0466485204516376,0.0466485204516376,-0.017294353393923,-0.017294353393923,0.356034179169751,0.356034179169751
0.39,0.0463688346864326,0.0463688346864326,-0.0171038334326152,-0.0171038334326152,0.337679028192,0.337679028192
0.4,0.0460770305207423,0.0460770305207423,-0.0168777100533904,-0.0168777100533904,0.319024846588732,0.319024846588732
0.41,0.0457732414546253,0.0457732414546253,-0.0166178187713464,-0.0166178187713464,0.300178730993,0.300178730993
0.42,0.0454576259359638,0.0454576259359638,-0.0163260250046436,-0.0163260250046436,0.281238593451816,0.281238593451816
0.43,0.0451303660742918,0.0451303660742918,-0.0160042133648414,-0.0160042133648414,0.262293664243926,0.262293664243926
0.44,0.04479166633367,0.04479166633367,-0.0156542778656941,-0.0156542778656941,0.243424977750325,0.243424977750325
0.45,0.044441752212112,0.044441752212112,-0.0152781130001224,-0.0152781130001224,0.224705841344057,0.224705841344057
0.46,0.0440808689144208,0.0440808689144208,-0.0148776056367756,-0.0148776056367756,0.206202287322155,0.206202287322155
0.47,0.0437092800246918,0.0437092800246918,-0.0144546276892945,-0.0144546276892945,0.187973507953773,0.187973507953773
0.48,0.0433272661841558,0.0433272661841558,-0.0140110295130811,-0.0140110295130811,0.170072273765042,0.170072273765042
0.49,0.0429351237795033,0.0429351237795033,-0.0135486339860724,-0.0135486339860724,0.152545335223179,0.152545335223179
0.5,0.0425331636463134,0.0425331636463134,-0.0130692312316871,-0.0130692312316871,0.135433808020122,0.135433808020122
0.51,0.0421217097917375,0.0421217097917375,-0.0125745739437795,-0.0125745739437795,0.118773542189774,0.118773542189774
0.52,0.0417010981401343,0.0417010981401343,-0.0120663732750699,-0.0120663732750699,0.102595475323039,0.102595475323039
0.53,0.0412716753049319,0.0412716753049319,-0.0115462952521414,-0.0115462952521414,0.0869259701713974,0.0869259701713974
0.54,0.0408337973895989,0.0408337973895989,-0.0110159576816805,-0.0110159576816805,0.0717871369531322,0.0717871369531322
0.55,0.0403878288202356,0.0403878288202356,-0.0104769275142025,-0.0104769275142025,0.0571971406965903,0.0571971406965903
0.56,0.039934141211954,0.039934141211954,-0.0099307186330292,-0.0099307186330292,0.0431704939723273,0.0431704939723273
0.57,0.0394731122708928,0.0394731122708928,-0.00937879003778622,-0.00937879003778622,0.0297183353807846,0.0297183353807846
0.58,0.039005124733418,0.039005124733418,-0.00882254439314601,-0.00882254439314601,0.0168486941744976,0.0168486941744976
0.59,0.038530565343781,0.038530565343781,-0.00826332691496772,-0.00826332691496772,0.00456674140391489,0.00456674140391489
0.6,0.0380498238712514,0.0380498238712514,-0.00770242456737198,-0.00770242456737198,-0.00712497201613671,-0.00712497201613671
0.61,0.0375632921675049,0.0375632921675049,-0.00714106554563586,-0.00714106554563586,-0.0182262899162767,-0.0182262899162767
0.62,0.0370713632648295,0.0370713632648295,-0.00658041902110134,-0.00658041902110134,-0.0287392377514107,-0.0287392377514107
0.63,0.036574430515511,0.036574430515511,-0.00602159512555845,-0.00602159512555845,-0.0386678213387183,-0.0386678213387183
0.64,0.0360728867725784,0.0360728867725784,-0.0054656451537907,-0.0054656451537907,-0.0480178370438738,-0.0480178370438738
0.65,0.0355671236119186,0.0355671236119186,-0.00491356196415683,-0.00491356196415683,-0.0567966930048859,-0.0567966930048859
0.66,0.0350575305956188,0.0350575305956188,-0.00436628055822734,-0.00436628055822734,-0.0650132409845303,-0.0650132409845303
0.67,0.0345444945762571,0.0345444945762571,-0.00382467882159834,-0.00382467882159834,-0.072677618445051,-0.072677618445051
0.68,0.0340283990417327,0.0340283990417327,-0.0032895784090678,-0.0032895784090678,-0.079801100442572,-0.079801100442572
0.69,0.0335096235001198,0.0335096235001198,-0.00276174575838176,-0.00276174575838176,-0.086395960943319,-0.086395960943319
0.7,0.0329885429039216,0.0329885429039216,-0.00224189321773997,-0.00224189321773997,-0.092475343169282,-0.092475343169282
0.71,0.0324655271130171,0.0324655271130171,-0.00173068027319252,-0.00173068027319252,-0.0980531385871903,-0.0980531385871903
0.72,0.0319409403955078,0.0319409403955078,-0.001228714862962,-0.001228714862962,-0.103143874161584,-0.103143874161584
0.73,0.0314151409656072,0.0314151409656072,-0.000736554766590193,-0.000736554766590193,-0.107762607500266,-0.107762607500266
0.74,0.0308884805576489,0.0308884805576489,-0.000254709057634547,-0.000254709057634547,-0.111924829528383,-0.111924829528383
0.75,0.0303613040352435,0.0303613040352435,0.000216360390571072,0.000216360390571072,-0.11564637433585,-0.11564637433585
0.76,0.0298339490345627,0.0298339490345627,0.000676237355823854,0.000676237355823854,-0.118943335851577,-0.118943335851577
0.77,0.0293067456406985,0.0293067456406985,0.00112454968364305,0.00112454968364305,-0.121831991007116,-0.121831991007116
0.78,0.02878001609601,0.02878001609601,0.00156096767787709,0.00156096767787709,-0.124328729061641,-0.124328729061641
0.79,0.0282540745393499,0.0282540745393499,0.00198520247301042,0.00198520247301042,-0.12644998676979,-0.12644998676979
0.8,0.0277292267750411,0.0277292267750411,0.00239700439523758,0.00239700439523758,-0.128212189083575,-0.128212189083575
0.81,0.0272057700704653,0.0272057700704653,0.00279616131878776,0.00279616131878776,-0.129631695089382,-0.129631695089382
0.82,0.0266839929811121,0.0266839929811121,0.00318249702342959,0.00318249702342959,-0.130724748891025,-0.130724748891025
0.83,0.0261641752019401,0.0261641752019401,0.00355586955856248,0.00355586955856248,-0.131507435159669,-0.131507435159669
0.84,0.0256465874438967,0.0256465874438967,0.00391616961880626,0.00391616961880626,-0.131995639081421,-0.131995639081421
0.85,0.0251314913344511,0.0251314913344511,0.00426331893553408,0.00426331893553408,-0.132205010443252,-0.132205010443252
0.86,0.0246191393410027,0.0246191393410027,0.00459726868835376,0.00459726868835376,-0.132150931607744,-0.132150931607744
0.87,0.024109774716037,0.024109774716037,0.00491799794012911,0.00491799794012911,-0.131848489136903,-0.131848489136903
0.88,0.0236036314629165,0.0236036314629165,0.00522551209874369,0.00522551209874369,-0.131312448834926,-0.131312448834926
0.89,0.0231009343212097,0.0231009343212097,0.00551984140844457,0.00551984140844457,-0.130557233989294,-0.130557233989294
0.9,0.0226018987704807,0.0226018987704807,0.00580103947326197,0.00580103947326197,-0.129596906598947,-0.129596906598947
0.91,0.0221067310514815,0.0221067310514815,0.00606918181468043,0.00606918181468043,-0.128445151387477,-0.128445151387477
0.92,0.0216156282037132,0.0216156282037132,0.006324364465439,0.006324364465439,-0.127115262408303,-0.127115262408303
0.93,0.021128778118345,0.021128778118345,0.00656670260105882,0.00656670260105882,-0.125620132057606,-0.125620132057606
0.94,0.0206463596055058,0.0206463596055058,0.00679632921043782,0.00679632921043782,-0.123972242319446,-0.123972242319446
0.95,0.0201685424749893,0.0201685424749893,0.00701339380661105,0.00701339380661105,-0.122183658075885,-0.122183658075885
0.96,0.0196954876294409,0.0196954876294409,0.00721806117855233,0.00721806117855233,-0.12026602232315,-0.12026602232315
0.97,0.0192273471691241,0.0192273471691241,0.00741051018468603,0.00741051018468603,-0.11823055314282,-0.11823055314282
0.98,0.0187642645073903,0.0187642645073903,0.00759093258858741,0.00759093258858741,-0.116088042284802,-0.116088042284802
0.99,0.0183063744960073,0.0183063744960073,0.00775953193717452,0.00775953193717452,-0.11384885522633,-0.11384885522633
1,0.0178538035595311,0.0178538035595311,0.00791652248153314,0.00791652248153314,-0.111522932578532,-0.111522932578532
1.01,0.0174066698379337,0.0174066698379337,0.00806212814036912,0.00806212814036912,-0.109119792719107,-0.109119792719107
1.02,0.0169650833367323,0.0169650833367323,0.00819658150594726,0.00819658150594726,-0.10664853553649,-0.10664853553649
1.03,0.0165291460838921,0.0165291460838921,0.00832012289225348,0.00832012289225348,-0.104117847177407,-0.104117847177407
1.04,0.0160989522928071,0.0160989522928071,0.00843299942500606,0.00843299942500606,-0.101536005696056,-0.101536005696056
1.05,0.0156745885306916,0.0156745885306916,0.00853546417304089,0.00853546417304089,-0.0989108875092303,-0.0989108875092303
1.06,0.0152561338917447,0.0152561338917447,0.00862777532050612,0.00862777532050612,-0.096249974567538,-0.096249974567538
1.07,0.014843660174479,0.014843660174479,0.00871019537922043,0.00871019537922043,-0.0935603621584818,-0.0935603621584818
1.08,0.0144372320626343,0.0144372320626343,0.00878299044047798,0.00878299044047798,-0.0908487672625645,-0.0908487672625645
1.09,0.0140369073091232,0.0140369073091232,0.00884642946551968,0.00884642946551968,-0.0881215373887099,-0.0881215373887099
1.1,0.0136427369224851,0.0136427369224851,0.00890078361383513,0.00890078361383513,-0.085384659820251,-0.085384659820251
1.11,0.013254765355351,0.013254765355351,0.00894632560841171,0.00894632560841171,-0.0826437712074297,-0.0826437712074297
1.12,0.0128730306944491,0.0128730306944491,0.00898332913700626,0.00898332913700626,-0.079904167446864,-0.079904167446864
1.13,0.0124975648517058,0.0124975648517058,0.00901206828848006,0.00901206828848006,-0.0771708137927278,-0.0771708137927278
1.14,0.012128393756022,0.012128393756022,0.00903281702320919,0.00903281702320919,-0.0744483551484708,-0.0744483551484708
1.15,0.0117655375453317,0.0117655375453317,0.00904584867655903,0.00904584867655903,-0.0717411264918003,-0.0717411264918003
1.16,0.0114090107585699,0.0114090107585699,0.00905143549439404,0.00905143549439404,-0.0690531633893364,-0.0690531633893364
1.17,0.0110588225272022,0.0110588225272022,0.00904984819957986,0.00904984819957986,-0.0663882125608611,-0.0663882125608611
1.18,0.0107149767659915,0.0107149767659915,0.00904135558842675,0.00904135558842675,-0.0637497424564044,-0.0637497424564044
1.19,0.0103774723626979,0.0103774723626979,0.00902622415601755,0.00902622415601755,-0.0611409538125587,-0.0611409538125587
1.2,0.0100463033664273,0.0100463033664273,0.00900471774936271,0.00900471774936271,-0.0585647901573924,-0.0585647901573924
1.21,0.00972145917436895,0.00972145917436895,0.00897709724732662,0.00897709724732662,-0.0560239482361359,-0.0560239482361359
1.22,0.00940292471667635,0.00940292471667635,0.00894362026627478,0.00894362026627478,-0.0535208883324755,-0.0535208883324755
1.23,0.0090906806392692,0.0090906806392692,0.00890454089039934,0.00890454089039934,-0.0510578444627822,-0.0510578444627822
1.24,0.00878470348434863,0.00878470348434863,0.00886010942569064,0.00886010942569064,-0.0486368344229567,-0.0486368344229567
1.25,0.00848496586843769,0.00848496586843769,0.00881057217653567,0.00881057217653567,-0.0462596696697735,-0.0462596696697735
1.26,0.00819143665777433,0.00819143665777433,0.0087561712439384,0.0087561712439384,-0.0439279650206857,-0.0439279650206857
1.27,0.00790408114090038,0.00790408114090038,0.00869714434437415,0.00869714434437415,-0.0416431481579901,-0.0416431481579901
1.28,0.00762286119830522,0.00762286119830522,0.00863372464830784,0.00863372464830784,-0.0394064689250614,-0.0394064689250614
1.29,0.00734773546899708,0.00734773546899708,0.00856614063742573,0.00856614063742573,-0.0372190084040666,-0.0372190084040666
1.3,0.00707865951388894,0.00707865951388894,0.00849461597965111,0.00849461597965111,-0.0350816877661463,-0.0350816877661463
1.31,0.00681558597589887,0.00681558597589887,0.00841936942103608,0.00841936942103608,-0.0329952768865186,-0.0329952768865186
1.32,0.00655846473667741,0.00655846473667741,0.00834061469364444,0.00834061469364444,-0.0309604027183269,-0.0309604027183269
1.33,0.00630724306988597,0.00630724306988597,0.00825856043856415,0.00825856043856415,-0.0289775574203199,-0.0289775574203199
1.34,0.006061865790962,0.006061865790962,0.00817341014321202,0.00817341014321202,-0.027047106234622,-0.027047106234622
1.35,0.00582227540331677,0.00582227540331677,0.00808536209211786,0.00808536209211786,-0.0251692951119276,-0.0251692951119276
1.36,0.0055884122409219,0.0055884122409219,0.00799460933040025,0.00799460933040025,-0.0233442580824561,-0.0233442580824561
1.37,0.00536021460725014,0.00536021460725014,0.00790133963917143,0.00790133963917143,-0.0215720243719105,-0.0215720243719105
1.38,0.0051376189105449,0.0051376189105449,0.00780573552213438,0.00780573552213438,-0.0198525252625193,-0.0198525252625193
1.39,0.00492055979540111,0.00492055979540111,0.00770797420266013,0.00770797420266013,-0.0181856007000116,-0.0181856007000116
1.4,0.00470897027064818,0.00470897027064818,0.00760822763065962,0.00760822763065962,-0.016571005648057,-0.016571005648057
1.41,0.00450278183353298,0.00450278183353298,0.00750666249858912,0.00750666249858912,-0.0150084161923483,-0.0150084161923483
1.42,0.00430192459020754,0.00430192459020754,0.00740344026595382,0.00740344026595382,-0.0134974353970573,-0.0134974353970573
1.43,0.0041063273725329,0.0041063273725329,0.00729871719169927,0.00729871719169927,-0.012037598916917,-0.012037598916917
1.44,0.00391591785121605,0.00391591785121605,0.00719264437390502,0.00719264437390502,-0.0106283803686327,-0.0106283803686327
1.45,0.00373062264530281,0.00373062264530281,0.00708536779621908,0.00708536779621908,-0.00926919646573443,-0.00926919646573443
1.46,0.00355036742805443,0.00355036742805443,0.00697702838049628,0.00697702838049628,-0.00795941192133987,-0.00795941192133987
1.47,0.00337507702924039,0.00337507702924039,0.0068677620451269,0.0068677620451269,-0.0066983441236117,-0.0066983441236117
1.48,0.00320467553388441,0.00320467553388441,0.00675769976856539,0.00675769976856539,-0.00548526758896328,-0.00548526758896328
1.49,0.00303908637750433,0.00303908637750433,0.00664696765759152,0.00664696765759152,-0.00431941819830284,-0.00431941819830284
1.5,0.00287823243789066,0.00287823243789066,0.00653568701985875,0.00653568701985875,-0.00319999722180081,-0.00319999722180081
1.51,0.00272203612347134,0.00272203612347134,0.00642397444030615,0.00642397444030615,-0.00212617513782903,-0.00212617513782903
1.52,0.00257041945831379,0.00257041945831379,0.00631194186103138,0.00631194186103138,-0.00109709525185475,-0.00109709525185475
1.53,0.00242330416381763,0.00242330416381763,0.00619969666424281,0.00619969666424281,-0.000111877121172221,-0.000111877121172221
1.54,0.00228061173715409,0.00228061173715409,0.00608734175792907,0.00608734175792907,0.000830380208566239,0.000830380208566239
1.55,0.00214226352651028,0.00214226352651028,0.0059749756639032,0.0059749756639032,0.00173059514900564,0.00173059514900564
1.56,0.00200818080319828,0.00200818080319828,0.00586269260789819,0.00586269260789819,0.00258970069088843,0.00258970069088843
1.57,0.00187828483069077,0.00187828483069077,0.00575058261140809,0.00575058261140809,0.00340864169594673,0.00340864169594673
1.58,0.00175249693064636,0.00175249693064636,0.00563873158498707,0.00563873158498707,0.00418837235284675,0.00418837235284675
1.59,0.00163073854598895,0.00163073854598895,0.00552722142273564,0.00552722142273564,0.00492985379117034,0.00492985379117034
1.6,0.00151293130110645,0.00151293130110645,0.00541613009771951,0.00541613009771951,0.00563405184746285,0.00563405184746285
1.61,0.00139899705923516,0.00139899705923516,0.00530553175808248,0.00530553175808248,0.00630193497743625,0.00630193497743625
1.62,0.00128885797709664,0.00128885797709664,0.00519549682363021,0.00519549682363021,0.00693447230848115,0.00693447230848115
1.63,0.00118243655685431,0.00118243655685431,0.00508609208267568,0.00508609208267568,0.00753263182672953,0.00753263182672953
1.64,0.00107965569545768,0.00107965569545768,0.00497738078895199,0.00497738078895199,0.00809737869299509,0.00809737869299509
1.65,0.000980438731441848,0.000980438731441848,0.00486942275841098,0.00486942275841098,0.00862967368202616,0.00862967368202616
1.66,0.00088470948925027,0.00088470948925027,0.00476227446573927,0.00476227446573927,0.00913047173960824,0.00913047173960824
1.67,0.000792392321148692,0.000792392321148692,0.00465598914043576,0.00465598914043576,0.00960072065217357,0.00960072065217357
1.68,0.00070341214679775,0.00070341214679775,0.00455061686230621,0.00455061686230621,0.0100413598236939,0.0100413598236939
1.69,0.000617694490551643,0.000617694490551643,0.00444620465624188,0.00444620465624188,0.0104533191547633,0.0104533191547633
1.7,0.000535165516549765,0.000535165516549765,0.00434279658615992,0.00434279658615992,0.0108375180189031,0.0108375180189031
1.71,0.000455752061667726,0.000455752061667726,0.00424043384799344,0.00424043384799344,0.0111948643312619,0.0111948643312619
1.72,0.00037938166639356,0.00037938166639356,0.00413915486162884,0.00413915486162884,0.0115262537050163,0.0115262537050163
1.73,0.000305982603694309,0.000305982603694309,0.00403899536169738,0.00403899536169738,0.0118325686909201,0.0118325686909201
1.74,0.000235483905937386,0.000235483905937386,0.00393998848713641,0.00393998848713641,0.0121146780955898,0.0121146780955898
1.75,0.000167815389930337,0.000167815389930337,0.00384216486944453,0.00384216486944453,0.0123734363742556,0.0123734363742556
1.76,0.000102907680141775,0.000102907680141775,0.00374555271956222,0.00374555271956222,0.0126096830938512,0.0126096830938512
1.77,4.06922301653024e-05,4.06922301653024e-05,0.00365017791331733,0.00365017791331733,0.0128242424624568,0.0128242424624568
1.78,-1.88986575126771e-05,-1.88986575126771e-05,0.00355606407538182,0.00355606407538182,0.0130179229212526,0.0130179229212526
1.79,-7.59318133813963e-05,-7.59318133813963e-05,0.00346323266169256,0.00346323266169256,0.0131915167952788,0.0131915167952788
1.8,-0.00013047318435158,-0.00013047318435158,0.00337170304029543,0.00337170304029543,0.013345799999443,0.013345799999443
1.81,-0.000182587818720964,-0.000182587818720964,0.00328149257057782,0.00328149257057782,0.0134815317963491,0.0134815317963491
1.82,-0.000232339852602826,-0.000232339852602826,0.00319261668086016,0.00319261668086016,0.0135994546026612,0.0135994546026612
1.83,-0.000279792497762019,-0.000279792497762019,0.00310508894432213,0.00310508894432213,0.0137002938408507,0.0137002938408507
1.84,-0.000325008030804124,-0.000325008030804124,0.00301892115324437,0.00301892115324437,0.0137847578333068,0.0137847578333068
1.85,-0.000368047783664528,-0.000368047783664528,0.0029341233915507,0.0029341233915507,0.013853537735919,0.013853537735919
1.86,-0.00040897213534541,-0.00040897213534541,0.00285070410564035,0.00285070410564035,0.0139073075083704,0.0139073075083704
1.87,-0.000447840504849783,-0.000447840504849783,0.0027686701735036,0.0027686701735036,0.0139467239185024,0.0139467239185024
1.88,-0.00048471134526299,-0.00048471134526299,0.00268802697211768,0.00268802697211768,0.0139724265782344,0.0139724265782344
1.89,-0.000519642138933191,-0.000519642138933191,0.00260877844312362,0.00260877844312362,0.0139850380086401,0.0139850380086401
1.9,-0.000552689393703645,-0.000552689393703645,0.00253092715678737,0.00253092715678737,0.0139851637318973,0.0139851637318973
1.91,-0.000583908640150738,-0.000583908640150738,0.002454474374252,0.002454474374252,0.0139733923879399,0.0139733923879399
1.92,-0.000613354429782968,-0.000613354429782968,0.00237942010808981,0.00237942010808981,0.0139502958737522,0.0139502958737522
1.93,-0.00064108033415724,-0.00064108033415724,0.00230576318116641,0.00230576318116641,0.0139164295033458,0.0139164295033458
1.94,-0.000667138944870058,-0.000667138944870058,0.00223350128383039,0.00223350128383039,0.0138723321865684,0.0138723321865684
1.95,-0.000691581874382359,-0.000691581874382359,0.00216263102944471,0.00216263102944471,0.013818526624987,0.013818526624987
1.96,-0.000714459757637918,-0.000714459757637918,0.00209314800827768,0.00209314800827768,0.0137555195231874,0.0137555195231874
1.97,-0.000735822254436416,-0.000735822254436416,0.00202504683977315,0.00202504683977315,0.013683801813922,0.013683801813922
1.98,-0.0007557180525234,-0.0007557180525234,0.00195832122322094,0.00195832122322094,0.0136038488956274,0.0136038488956274
1.99,-0.000774194871360514,-0.000774194871360514,0.00189296398685012,0.00189296398685012,0.0135161208809194,0.0135161208809194
2,-0.0007912994665405,-0.0007912994665405,0.00182896713536886,0.00182896713536886,0.013421062854755,0.013421062854755
2.01,-0.000807077634812557,-0.000807077634812557,0.0017663218959757,0.0017663218959757,0.0133191051410292,0.0133191051410292
2.02,-0.00082157421968476,-0.00082157421968476,0.00170501876286801,0.00170501876286801,0.0132106635764523,0.0132106635764523
2.03,-0.000834833117571282,-0.000834833117571282,0.00164504754027443,0.00164504754027443,0.0130961397906234,0.0130961397906234
2.04,-0.000846897284453252,-0.000846897284453252,0.00158639738403849,0.00158639738403849,0.0129759214912896,0.0129759214912896
2.05,-0.000857808743023072,-0.000857808743023072,0.00152905684178161,0.00152905684178161,0.0128503827538414,0.0128503827538414
2.06,-0.000867608590283077,-0.000867608590283077,0.00147301389167386,0.00147301389167386,0.0127198843141645,0.0127198843141645
2.07,-0.000876337005570376,-0.000876337005570376,0.00141825597984149,0.00141825597984149,0.0125847738640242,0.0125847738640242
2.08,-0.000884033258980724,-0.000884033258980724,0.00136477005644055,0.00136477005644055,0.0124453863482203,0.0124453863482203
2.09,-0.000890735720165197,-0.000890735720165197,0.001312542610426,0.001312542610426,0.0123020442628025,0.0123020442628025
2.1,-0.000896481867474407,-0.000896481867474407,0.00126155970304628,0.00126155970304628,0.0121550579536919,0.0121550579536919
2.11,-0.000901308297425883,-0.000901308297425883,0.00121180700009283,0.00121180700009283,0.0120047259151009,0.0120047259151009
2.12,-0.000905250734471153,-0.000905250734471153,0.00116326980293476,0.00116326980293476,0.0118513350871954,0.0118513350871954
2.13,-0.000908344041039929,-0.000908344041039929,0.00111593307836819,0.00111593307836819,0.0116951611524843,0.0116951611524843
2.14,-0.000910622227839649,-0.000910622227839649,0.00106978148731035,0.00106978148731035,0.0115364688304663,0.0115364688304663
2.15,-0.000912118464389455,-0.000912118464389455,0.00102479941236775,0.00102479941236775,0.0113755121701041,0.0113755121701041
2.16,-0.00091286508976851,-0.00091286508976851,0.000980970984308203,0.000980970984308203,0.0112125348397333,0.0112125348397333
2.17,-0.000912893623559328,-0.000912893623559328,0.000938280107465663,0.000938280107465663,0.0110477704140517,0.0110477704140517
2.18,-0.000912234776967569,-0.000912234776967569,0.000896710484107097,0.000896710484107097,0.0108814426578656,0.0108814426578656
2.19,-0.000910918464100508,-0.000910918464100508,0.000856245637789936,0.000856245637789936,0.0107137658063042,0.0107137658063042
2.2,-0.000908973813387083,-0.000908973813387083,0.000816868935738562,0.000816868935738562,0.0105449448412433,0.0105449448412433
2.21,-0.000906429179123178,-0.000906429179123178,0.000778563610267818,0.000778563610267818,0.0103751757637058,0.0103751757637058
2.22,-0.000903312153126445,-0.000903312153126445,0.000741312779281199,0.000741312779281199,0.0102046458620364,0.0102046458620364
2.23,-0.00089964957648566,-0.00089964957648566,0.00070509946587095,0.00070509946587095,0.01003353397567,0.01003353397567
2.24,-0.00089546755139025,-0.00089546755139025,0.000669906617046905,0.000669906617046905,0.00986201075433752,0.00986201075433752
2.25,-0.000890791453026255,-0.000890791453026255,0.000635717121620426,0.000635717121620426,0.00969023891257679,0.00969023891257679
2.26,-0.000885645941525601,-0.000885645941525601,0.000602513827269382,0.000602513827269382,0.0095183734794327,0.0095183734794327
2.27,-0.000880054973956153,-0.000880054973956153,0.000570279556809595,0.000570279556809595,0.00934656204325358,0.00934656204325358
2.28,-0.000874041816340598,-0.000874041816340598,0.000538997123697751,0.000538997123697751,0.00917494499150618,0.00917494499150618
2.29,-0.000867629055692736,-0.000867629055692736,0.000508649346790233,0.000508649346790233,0.00900365574554897,0.00900365574554897
2.3,-0.00086083861206034,-0.00086083861206034,0.000479219064381865,0.000479219064381865,0.00883282099031838,0.00883282099031838
2.31,-0.000853691750564228,-0.000853691750564228,0.000450689147548053,0.000450689147548053,0.00866256089889717,0.00866256089889717
2.32,-0.000846209093423718,-0.000846209093423718,0.000423042512813272,0.000423042512813272,0.00849298935194643,0.00849298935194643
2.33,-0.000838410631959104,-0.000838410631959104,0.00039626213416838,0.00039626213416838,0.00832421415199564,0.00832421415199564
2.34,-0.000830315738562297,-0.000830315738562297,0.000370331054458684,0.000370331054458684,0.0081563372325953,0.0081563372325953
2.35,-0.000821943178627191,-0.000821943178627191,0.000345232396164187,0.000345232396164187,0.00798945486234749,0.00798945486234749
2.36,-0.000813311122431782,-0.000813311122431782,0.000320949371592949,0.000320949371592949,0.00782365784383854,0.00782365784383854
2.37,-0.00080443715696449,-0.00080443715696449,0.000297465292507947,0.000297465292507947,0.00765903170750665,0.00765903170750665
2.38,-0.000795338297687531,-0.000795338297687531,0.000274763579207328,0.000274763579207328,0.00749565690048488,0.00749565690048488
2.39,-0.000786031000230608,-0.000786031000230608,0.00025282776907746,0.00025282776907746,0.00733360897046675,0.00733360897046675
2.4,-0.00077653117200854,-0.00077653117200854,0.00023164152463764,0.00023164152463764,0.00717295874464825,0.00717295874464825
2.41,-0.000766854183756855,-0.000766854183756855,0.000211188641094867,0.000211188641094867,0.00701377250380525,0.00701377250380525
2.42,-0.000757014880979691,-0.000757014880979691,0.000191453053426559,0.000191453053426559,0.00685611215157066,0.00685611215157066
2.43,-0.000747027595304732,-0.000747027595304732,0.000172418843008631,0.000172418843008631,0.00670003537897999,0.00670003537897999
2.44,-0.000736906155740192,-0.000736906155740192,0.00015407024380586,0.00015407024380586,0.00654559582435768,0.00654559582435768
2.45,-0.000726663899829231,-0.000726663899829231,0.000136391648140988,0.000136391648140988,0.00639284322862049,0.00639284322862049
2.46,-0.000716313684697431,-0.000716313684697431,0.000119367612058551,0.000119367612058551,0.00624182358607663,0.00624182358607663
2.47,-0.000705867897989327,-0.000705867897989327,0.000102982860298976,0.000102982860298976,0.00609257929080219,0.00609257929080219
2.48,-0.000695338468690201,-0.000695338468690201,8.72222908980088e-05,8.72222908980088e-05,0.00594514927867835,0.00594514927867835
2.49,-0.00068473687782968,-0.00068473687782968,7.20709794261219e-05,7.20709794261219e-05,0.00579956916517507,0.00579956916517507
2.5,-0.000674074169063895,-0.000674074169063895,5.75141828821028e-05,5.75141828821028e-05,0.00565587137896742,0.00565587137896742
2.51,-0.00066336095913324,-0.00066336095913324,4.35373432546012e-05,4.35373432546012e-05,0.0055140852914731,0.0055140852914731
2.52,-0.000652607448193008,-0.000652607448193008,3.01260907649963e-05,3.01260907649963e-05,0.00537423734239925,0.00537423734239925
2.53,-0.000641823430014396,-0.000641823430014396,1.72662468045388e-05,1.72662468045388e-05,0.00523635116138805,0.00523635116138805
2.54,-0.000631018302053613,-0.000631018302053613,4.94382657832119e-06,4.94382657832119e-06,0.00510044768585065,0.00510044768585065
2.55,-0.000620201075387032,-0.000620201075387032,-6.85495853175762e-06,-6.85495853175762e-06,0.0049665452750787,0.0049665452750787
2.56,-0.000609380384510542,-0.000609380384510542,-1.81436988732514e-05,-1.81436988732514e-05,0.00483465982072325,0.00483465982072325
2.57,-0.000598564497001423,-0.000598564497001423,-2.89357846872372e-05,-2.89357846872372e-05,0.00470480485372972,0.00470480485372972
2.58,-0.000587761323041301,-0.000587761323041301,-3.92444045191508e-05,-3.92444045191508e-05,0.00457699164781789,0.00457699164781789
2.59,-0.000576978424798877,-0.000576978424798877,-4.90825438656913e-05,-4.90825438656913e-05,0.00445122931959442,0.00445122931959442
2.6,-0.000566223025671334,-0.000566223025671334,-5.84629840474501e-05,-5.84629840474501e-05,0.00432752492538539,0.00432752492538539
2.61,-0.000555502019383457,-0.000555502019383457,-6.73983012972495e-05,-6.73983012972495e-05,0.00420588355487461,0.00420588355487461
2.62,-0.000544821978943687,-0.000544821978943687,-7.59008660545103e-05,-7.59008660545103e-05,0.00408630842163324,0.00408630842163324
2.63,-0.00053418916545647,-0.00053418916545647,-8.39828424562836e-05,-8.39828424562836e-05,0.00396880095062433,0.00396880095062433
2.64,-0.000523609536790394,-0.000523609536790394,-9.16561880158936e-05,-9.16561880158936e-05,0.00385336086276537,0.00385336086276537
2.65,-0.000513088756101783,-0.000513088756101783,-9.89326534804412e-05,-9.89326534804412e-05,0.00373998625662995,0.00373998625662995
2.66,-0.000502632200213489,-0.000502632200213489,-0.000105823782858712,-0.000105823782858712,0.00362867368736889,0.00362867368736889
2.67,-0.000492244967848812,-0.000492244967848812,-0.00011234091361132,-0.00011234091361132,0.00351941824292928,0.00351941824292928
2.68,-0.000481931887720552,-0.000481931887720552,-0.000118495176995191,-0.000118495176995191,0.00341221361764871,0.00341221361764871
2.69,-0.00047169752647533,-0.00047169752647533,-0.00012429749855477,-0.00012429749855477,0.00330705218330024,0.00330705218330024
2.7,-0.000461546196493417,-0.000461546196493417,-0.000129758598752583,-0.000129758598752583,0.00320392505766213,0.00320392505766213
2.71,-0.00045148196354442,-0.00045148196354442,-0.000134888993732066,-0.000134888993732066,0.00310282217068508,0.00310282217068508
2.72,-0.000441508654299263,-0.000441508654299263,-0.000139698996205783,-0.000139698996205783,0.00300373232832747,0.00300373232832747
2.73,-0.000431629863698999,-0.000431629863698999,-0.000144198716462432,-0.000144198716462432,0.00290664327412829,0.00290664327412829
2.74,-0.000421848962181077,-0.000421848962181077,-0.000148398063486248,-0.000148398063486248,0.00281154174858509,0.00281154174858509
2.75,-0.000412169102763762,-0.000412169102763762,-0.000152306746182651,-0.000152306746182651,0.00271841354640317,0.00271841354640317
2.76,-0.000402593227989504,-0.000402593227989504,-0.000155934274704196,-0.000155934274704196,0.00262724357168038,0.00262724357168038
2.77,-0.000393124076728107,-0.000393124076728107,-0.0001592899618711,-0.0001592899618711,0.00253801589109019,0.00253801589109019
2.78,-0.000383764190840627,-0.000383764190840627,-0.000162382924680836,-0.000162382924680836,0.0024507137851244,0.0024507137851244
2.79,-0.000374515921705002,-0.000374515921705002,-0.000165222085901463,-0.000165222085901463,0.00236531979745489,0.00236531979745489
2.8,-0.000365381436604456,-0.000365381436604456,-0.000167816175743578,-0.000167816175743578,0.00228181578247244,0.00228181578247244
2.81,-0.000356362724979818,-0.000356362724979818,-0.000170173733605947,-0.000170173733605947,0.0022001829510592,0.0022001829510592
2.82,-0.000347461604546896,-0.000347461604546896,-0.000172303109890069,-0.000172303109890069,0.0021204019146494,0.0021204019146494
2.83,-0.000338679727280166,-0.000338679727280166,-0.000174212467879085,-0.000174212467879085,0.00204245272763186,0.00204245272763186
2.84,-0.000330018585264008,-0.000330018585264008,-0.000175909785676636,-0.000175909785676636,0.00196631492814617,0.00196631492814617
2.85,-0.000321479516412843,-0.000321479516412843,-0.000177402858201424,-0.000177402858201424,0.00189196757732269,0.00189196757732269
2.86,-0.000313063710061499,-0.000313063710061499,-0.000178699299233397,-0.000178699299233397,0.00181938929701571,0.00181938929701571
2.87,-0.000304772212427223,-0.000304772212427223,-0.000179806543507639,-0.000179806543507639,0.00174855830607676,0.00174855830607676
2.88,-0.000296605931944766,-0.000296605931944766,-0.000180731848852178,-0.000180731848852178,0.00167945245521474,0.00167945245521474
2.89,-0.000288565644476011,-0.000288565644476011,-0.00018148229836611,-0.00018148229836611,0.00161204926048724,0.00161204926048724
2.9,-0.00028065199839563,-0.00028065199839563,-0.00018206480263452,-0.00018206480263452,0.00154632593546668,0.00154632593546668
2.91,-0.000272865519554318,-0.000272865519554318,-0.000182486101976882,-0.000182486101976882,0.00148225942212344,0.00148225942212344
2.92,-0.000265206616121138,-0.000265206616121138,-0.000182752768725697,-0.000182752768725697,0.00141982642046673,0.00141982642046673
2.93,-0.000257675583306557,-0.000257675583306557,-0.000182871209532299,-0.000182871209532299,0.001359003416983,0.001359003416983
2.94,-0.000250272607967777,-0.000250272607967777,-0.000182847667696855,-0.000182847667696855,0.00129976671191027,0.00129976671191027
2.95,-0.000242997773097961,-0.000242997773097961,-0.000182688225519713,-0.000182688225519713,0.00124209244538569,0.00124209244538569
2.96,-0.00023585106220101,-0.00023585106220101,-0.000182398806671379,-0.000182398806671379,0.00118595662250244,0.00118595662250244
2.97,-0.000228832363553513,-0.000228832363553513,-0.000181985178578507,-0.000181985178578507,0.00113133513731108,0.00113133513731108
2.98,-0.000221941474355548,-0.000221941474355548,-0.000181452954823385,-0.000181452954823385,0.0010782037957993,0.0010782037957993
2.99,-0.000215178104772001,-0.000215178104772001,-0.000180807597554532,-0.000180807597554532,0.00102653833788299,0.00102653833788299
3,-0.000208541881866083,-0.000208541881866083,-0.000180054419906099,-0.000180054419906099,0.000976314458440587,0.000976314458440587
3.01,-0.000202032353426738,-0.000202032353426738,-0.000179198588423877,-0.000179198588423877,0.000927507827421523,0.000927507827421523
3.02,-0.000195648991691627,-0.000195648991691627,-0.000178245125495812,-0.000178245125495812,0.000880094109059005,0.000880094109059005
3.03,-0.000189391196967404,-0.000189391196967404,-0.000177198911785004,-0.000177198911785004,0.000834048980215937,0.000834048980215937
3.04,-0.000183258301148976,-0.000183258301148976,-0.00017606468866329,-0.00017606468866329,0.000789348147892319,0.000789348147892319
3.05,-0.000177249571139448,-0.000177249571139448,-0.000174847060643555,-0.000174847060643555,0.000745967365921403,0.000745967365921403
3.06,-0.000171364212172476,-0.000171364212172476,-0.00017355049780903,-0.00017355049780903,0.000703882450881025,0.000703882450881025
3.07,-0.000165601371038712,-0.000165601371038712,-0.000172179338237914,-0.000172179338237914,0.000663069297245897,0.000663069297245897
3.08,-0.000159960139218056,-0.000159960139218056,-0.000170737790421709,-0.000170737790421709,0.000623503891805613,0.000623503891805613
3.09,-0.000154439555919408,-0.000154439555919408,-0.00016922993567578,-0.00016922993567578,0.00058516232737257,0.00058516232737257
3.1,-0.00014903861102962,-0.00014903861102962,-0.00016765973054067,-0.00016765973054067,0.000548020815803192,0.000548020815803192
3.11,-0.00014375624797333,-0.00014375624797333,-0.000166031009172823,-0.000166031009172823,0.00051205570035508,0.00051205570035508
3.12,-0.00013859136648537,-0.00013859136648537,-0.000164347485723395,-0.000164347485723395,0.000477243467402178,0.000477243467402178
3.13,-0.000133542825297408,-0.000133542825297408,-0.000162612756703932,-0.000162612756703932,0.000443560757529177,0.000443560757529177
3.14,-0.000128609444740514,-0.000128609444740514,-0.000160830303337729,-0.000160830303337729,0.00041098437602595,0.00041098437602595
3.15,-0.000123790009265281,-0.000123790009265281,-0.000159003493895773,-0.000159003493895773,0.000379491302801991,0.000379491302801991
3.16,-0.000119083269881174,-0.000119083269881174,-0.000157135586016214,-0.000157135586016214,0.000349058701740412,0.000349058701740412
3.17,-0.000114487946516717,-0.000114487946516717,-0.000155229729006375,-0.000155229729006375,0.000319663929510335,0.000319663929510335
3.18,-0.000110002730302176,-0.000110002730302176,-0.000153288966126362,-0.000153288966126362,0.00029128454385605,0.00029128454385605
3.19,-0.000105626285776317,-0.000105626285776317,-0.000151316236853398,-0.000151316236853398,0.000263898311380645,0.000263898311380645
3.2,-0.000101357253018866,-0.000101357253018866,-0.000149314379126049,-0.000149314379126049,0.000237483214841502,0.000237483214841502
3.21,-9.7194249710238e-05,-9.7194249710238e-05,-0.000147286131567561,-0.000147286131567561,0.000212017459974312,0.000212017459974312
3.22,-9.31358731201264e-05,-9.31358731201264e-05,-0.000145234135687589,-0.000145234135687589,0.000187479481861895,0.000187479481861895
3.23,-8.91807020264918e-05,-8.91807020264918e-05,-0.00014316093806162,-0.00014316093806162,0.000163847950863662,0.000163847950863662
3.24,-8.53272985665068e-05,-8.53272985665068e-05,-0.000141068992487465,-0.000141068992487465,0.000141101778121027,0.000141101778121027
3.25,-8.15742100209778e-05,-8.15742100209778e-05,-0.000138960662118223,-0.000138960662118223,0.000119220120653636,0.000119220120653636
3.26,-7.79199705337562e-05,-7.79199705337562e-05,-0.000136838221571169,-0.000136838221571169,9.81823860609372e-05,9.81823860609372e-05
3.27,-7.43631027676331e-05,-7.43631027676331e-05,-0.00013470385901205,-0.00013470385901205,7.79682368430576e-05,7.79682368430576e-05
3.28,-7.09021194981966e-05,-7.09021194981966e-05,-0.000132559678214324,-0.000132559678214324,5.85575943547354e-05,5.85575943547354e-05
3.29,-6.75355251471108e-05,-6.75355251471108e-05,-0.000130407700592915,-0.000130407700592915,3.99306424054592e-05,3.99306424054592e-05
3.3,-6.42618172562594e-05,-6.42618172562594e-05,-0.00012824986721207,-0.00012824986721207,2.20678305187516e-05,2.20678305187516e-05
3.31,-6.10794879041806e-05,-6.10794879041806e-05,-0.000126088040766984,-0.000126088040766984,4.94987686311833e-06,4.94987686311833e-06
3.32,-5.79870250661983e-05,-5.79870250661983e-05,-0.000123924007538846,-0.000123924007538846,-1.14422291332466e-05,-1.14422291332466e-05
3.33,-5.49829139196391e-05,-5.49829139196391e-05,-0.000121759479323023,-0.000121759479323023,-2.71272244720972e-05,-2.71272244720972e-05
3.34,-5.20656380955053e-05,-5.20656380955053e-05,-0.000119596095330112,-0.000119596095330112,-4.21235705676849e-05,-4.21235705676849e-05
3.35,-4.92336808779544e-05,-4.92336808779544e-05,-0.000117435424059649,-0.000117435424059649,-5.64494515110734e-05,-5.64494515110734e-05
3.36,-4.64855263529168e-05,-4.64855263529168e-05,-0.000115278965146242,-0.000115278965146242,-7.01227726053423e-05,-7.01227726053423e-05
3.37,-4.38196605071668e-05,-4.38196605071668e-05,-0.000113128151177987,-0.000113128151177987,-8.31611591611374e-05,-8.31611591611374e-05
3.38,-4.12345722791372e-05,-4.12345722791372e-05,-0.000110984349486992,-0.000110984349486992,-9.55819555423778e-05,-9.55819555423778e-05
3.39,-3.87287545627544e-05,-3.87287545627544e-05,-0.000108848863911913,-0.000108848863911913,-0.000107402224452094,-0.000107402224452094
3.4,-3.63007051655478e-05,-3.63007051655478e-05,-0.000106722936532389,-0.000106722936532389,-0.000118638746448762,-0.000118638746448762
3.41,-3.39489277222681e-05,-3.39489277222681e-05,-0.000104607749375309,-0.000104607749375309,-0.000129308019683732,-0.000129308019683732
3.42,-3.167193256523e-05,-3.167193256523e-05,-0.000102504426092875,-0.000102504426092875,-0.000139426259850578,-0.000139426259850578
3.43,-2.94682375525756e-05,-2.94682375525756e-05,-0.000100414033612409,-0.000100414033612409,-0.000149009400337513,-0.000149009400337513
3.44,-2.73363688556334e-05,-2.73363688556334e-05,-9.83375837579276e-05,-9.83375837579276e-05,-0.000158073092574234,-0.000158073092574234
3.45,-2.52748617065296e-05,-2.52748617065296e-05,-9.62760348434803e-05,-9.62760348434803e-05,-0.000166632706564771,-0.000166632706564771
3.46,-2.32822611071877e-05,-2.32822611071877e-05,-9.42302932382904e-05,-9.42302932382904e-05,-0.000174703331598239,-0.000174703331598239
3.47,-2.13571225008324e-05,-2.13571225008324e-05,-9.2201214903757e-05,-9.2201214903757e-05,-0.000182299777129534,-0.000182299777129534
3.48,-1.94980124070964e-05,-1.94980124070964e-05,-9.01896069023834e-05,-9.01896069023834e-05,-0.000189436573822256,-0.000189436573822256
3.49,-1.77035090218035e-05,-1.77035090218035e-05,-8.81962288787228e-05,-8.81962288787228e-05,-0.000196127974746444,-0.000196127974746444
3.5,-1.59722027824902e-05,-1.59722027824902e-05,-8.62217945124444e-05,-8.62217945124444e-05,-0.000202387956723791,-0.000202387956723791
3.51,-1.43026969006983e-05,-1.43026969006983e-05,-8.42669729436407e-05,-8.42669729436407e-05,-0.000208230221813298,-0.000208230221813298
3.52,-1.26936078620611e-05,-1.26936078620611e-05,-8.23323901705093e-05,-8.23323901705093e-05,-0.000213668198930551,-0.000213668198930551
3.53,-1.11435658951795e-05,-1.11435658951795e-05,-8.04186304195593e-05,-8.04186304195593e-05,-0.000218715045593901,-0.000218715045593901
3.54,-9.65121541026739e-06,-9.65121541026739e-06,-7.85262374885023e-05,-7.85262374885023e-05,-0.000223383649791126,-0.000223383649791126
3.55,-8.21521540852781e-06,-8.21521540852781e-06,-7.66557160620047e-05,-7.66557160620047e-05,-0.000227686631960298,-0.000227686631960298
3.56,-6.83423986319983e-06,-6.83423986319983e-06,-7.48075330004863e-05,-7.48075330004863e-05,-0.000231636347078738,-0.000231636347078738
3.57,-5.50697807319814e-06,-5.50697807319814e-06,-7.29821186021638e-05,-7.29821186021638e-05,-0.000235244886854182,-0.000235244886854182
3.58,-4.23213499024894e-06,-4.23213499024894e-06,-7.11798678385493e-05,-7.11798678385493e-05,-0.000238524082012391,-0.000238524082012391
3.59,-3.00843152040598e-06,-3.00843152040598e-06,-6.94011415636201e-05,-6.94011415636201e-05,-0.000241485504675677,-0.000241485504675677
3.6,-1.83460480081273e-06,-1.83460480081273e-06,-6.76462676968922e-05,-6.76462676968922e-05,-0.000244140470826917,-0.000244140470826917
3.61,-7.09408452558e-07,-7.09408452558e-07,-6.59155423806318e-05,-6.59155423806318e-05,-0.000246500042853838,-0.000246500042853838
3.62,3.68387189546269e-07,3.68387189546269e-07,-6.42092311114542e-05,-6.42092311114542e-05,-0.000248575032168519,-0.000248575032168519
3.63,1.39999486945382e-06,1.39999486945382e-06,-6.25275698465619e-05,-6.25275698465619e-05,-0.000250376001897156,-0.000250376001897156
3.64,2.38661022384685e-06,2.38661022384685e-06,-6.08707660848865e-05,-6.08707660848865e-05,-0.000251913269635381,-0.000251913269635381
3.65,3.3294116167974e-06,3.3294116167974e-06,-5.92389999234008e-05,-5.92389999234008e-05,-0.00025319691026447,-0.00025319691026447
3.66,4.22955999436989e-06,4.22955999436989e-06,-5.76324250888786e-05,-5.76324250888786e-05,-0.000254236758824018,-0.000254236758824018
3.67,5.08819875842463e-06,5.08819875842463e-06,-5.60511699453829e-05,-5.60511699453829e-05,-0.000255042413436745,-0.000255042413436745
3.68,5.90645365889923e-06,5.90645365889923e-06,-5.44953384777696e-05,-5.44953384777696e-05,-0.000255623238281238,-0.000255623238281238
3.69,6.6854327038621e-06,6.6854327038621e-06,-5.29650112514999e-05,-5.29650112514999e-05,-0.00025598836660861,-0.00025598836660861
3.7,7.42622608664877e-06,7.42622608664877e-06,-5.14602463490584e-05,-5.14602463490584e-05,-0.000256146703799144,-0.000256146703799144
3.71,8.12990612940849e-06,8.12990612940849e-06,-4.99810802832778e-05,-4.99810802832778e-05,-0.000256106930455164,-0.000256106930455164
3.72,8.79752724240505e-06,8.79752724240505e-06,-4.8527528887877e-05,-4.8527528887877e-05,-0.000255877505526448,-0.000255877505526448
3.73,9.43012589843168e-06,9.43012589843168e-06,-4.70995881855218e-05,-4.70995881855218e-05,-0.0002554666694647,-0.0002554666694647
3.74,1.00287206217162e-05,1.00287206217162e-05,-4.56972352337192e-05,-4.56972352337192e-05,-0.000254882447403642,-0.000254882447403642
3.75,1.05943119907078e-05,1.05943119907078e-05,-4.43204289488631e-05,-4.43204289488631e-05,-0.000254132652361459,-0.000254132652361459
3.76,1.11278826541535e-05,1.11278826541535e-05,-4.29691109087474e-05,-4.29691109087474e-05,-0.000253224888462421,-0.000253224888462421
3.77,1.16303973598858e-05,1.16303973598858e-05,-4.16432061338678e-05,-4.16432061338678e-05,-0.000252166554174637,-0.000252166554174637
3.78,1.21028029957598e-05,1.21028029957598e-05,-4.03426238478344e-05,-4.03426238478344e-05,-0.000250964845560998,-0.000250964845560998
3.79,1.2546028642193e-05,1.2546028642193e-05,-3.90672582172185e-05,-3.90672582172185e-05,-0.000249626759540469,-0.000249626759540469
3.8,1.29609856357727e-05,1.29609856357727e-05,-3.78169890711587e-05,-3.78169890711587e-05,-0.000248159097157017,-0.000248159097157017
3.81,1.3348567643416e-05,1.3348567643416e-05,-3.65916826010529e-05,-3.65916826010529e-05,-0.000246568466853544,-0.000246568466853544
3.82,1.37096507465743e-05,1.37096507465743e-05,-3.53911920406629e-05,-3.53911920406629e-05,-0.000244861287748312,-0.000244861287748312
3.83,1.40450935349958e-05,1.40450935349958e-05,-3.42153583269582e-05,-3.42153583269582e-05,-0.000243043792911437,-0.000243043792911437
3.84,1.4355737209566e-05,1.4355737209566e-05,-3.30640107420283e-05,-3.30640107420283e-05,-0.000241122032639131,-0.000241122032639131
3.85,1.46424056937656e-05,1.46424056937656e-05,-3.19369675363896e-05,-3.19369675363896e-05,-0.000239101877723468,-0.000239101877723468
3.86,1.49059057532953e-05,1.49059057532953e-05,-3.08340365340148e-05,-3.08340365340148e-05,-0.000236989022715529,-0.000236989022715529
3.87,1.51470271234298e-05,1.51470271234298e-05,-2.97550157194124e-05,-2.97550157194124e-05,-0.000234788989179891,-0.000234788989179891
3.88,1.53665426436787e-05,1.53665426436787e-05,-2.86996938070815e-05,-2.86996938070815e-05,-0.000232507128938502,-0.000232507128938502
3.89,1.55652083993414e-05,1.55652083993414e-05,-2.76678507936685e-05,-2.76678507936685e-05,-0.00023014862730207,-0.00023014862730207
3.9,1.57437638695578e-05,1.57437638695578e-05,-2.66592584931495e-05,-2.66592584931495e-05,-0.000227718506287172,-0.000227718506287172
3.91,1.59029320814681e-05,1.59029320814681e-05,-2.56736810553606e-05,-2.56736810553606e-05,-0.000225221627817398,-0.000225221627817398
3.92,1.60434197701057e-05,1.60434197701057e-05,-2.47108754682005e-05,-2.47108754682005e-05,-0.000222662696906884,-0.000222662696906884
3.93,1.61659175436609e-05,1.61659175436609e-05,-2.37705920438221e-05,-2.37705920438221e-05,-0.000220046264824697,-0.000220046264824697
3.94,1.62711000537631e-05,1.62711000537631e-05,-2.28525748891344e-05,-2.28525748891344e-05,-0.000217376732238603,-0.000217376732238603
3.95,1.63596261704402e-05,1.63596261704402e-05,-2.19565623609291e-05,-2.19565623609291e-05,-0.000214658352336811,-0.000214658352336811
3.96,1.64321391614272e-05,1.64321391614272e-05,-2.10822875059477e-05,-2.10822875059477e-05,-0.000211895233926376,-0.000211895233926376
3.97,1.64892668755027e-05,1.64892668755027e-05,-2.02294784862e-05,-2.02294784862e-05,-0.000209091344507001,-0.000209091344507001
3.98,1.65316219295472e-05,1.65316219295472e-05,-1.9397858989845e-05,-1.9397858989845e-05,-0.000206250513319044,-0.000206250513319044
3.99,1.6559801899024e-05,1.6559801899024e-05,-1.85871486279406e-05,-1.85871486279406e-05,-0.000203376434364625,-0.000203376434364625
4,1.65743895115942e-05,1.65743895115942e-05,-1.77970633173681e-05,-1.77970633173681e-05,-0.000200472669400748,-0.000200472669400748
4.01,1.65759528435902e-05,1.65759528435902e-05,-1.70273156502321e-05,-1.70273156502321e-05,-0.000197542650903476,-0.000197542650903476
4.02,1.65650455190759e-05,1.65650455190759e-05,-1.62776152500362e-05,-1.62776152500362e-05,-0.000194589685002192,-0.000194589685002192
4.03,1.65422069112382e-05,1.65422069112382e-05,-1.55476691149306e-05,-1.55476691149306e-05,-0.000191616954383095,-0.000191616954383095
4.04,1.65079623458573e-05,1.65079623458573e-05,-1.48371819483253e-05,-1.48371819483253e-05,-0.000188627521161099,-0.000188627521161099
4.05,1.64628233066181e-05,1.64628233066181e-05,-1.41458564771582e-05,-1.41458564771582e-05,-0.000185624329719376,-0.000185624329719376
4.06,1.6407287642028e-05,1.6407287642028e-05,-1.34733937581073e-05,-1.34733937581073e-05,-0.000182610209515831,-0.000182610209515831
4.07,1.63418397737206e-05,1.63418397737206e-05,-1.28194934720283e-05,-1.28194934720283e-05,-0.000179587877855867,-0.000179587877855867
4.08,1.62669509059299e-05,1.62669509059299e-05,-1.21838542069009e-05,-1.21838542069009e-05,-0.000176559942630806,-0.000176559942630806
4.09,1.61830792359277e-05,1.61830792359277e-05,-1.1566173729559e-05,-1.1566173729559e-05,-0.000173528905021438,-0.000173528905021438
4.1,1.60906701652277e-05,1.60906701652277e-05,-1.09661492464803e-05,-1.09661492464803e-05,-0.000170497162166174,-0.000170497162166174
4.11,1.59901565113643e-05,1.59901565113643e-05,-1.03834776539037e-05,-1.03834776539037e-05,-0.000167467009793331,-0.000167467009793331
4.12,1.58819587200647e-05,1.58819587200647e-05,-9.8178557775437e-06,-9.8178557775437e-06,-0.00016444064481716,-0.00016444064481716
4.13,1.57664850776376e-05,1.57664850776376e-05,-9.26898060216305e-06,-9.26898060216305e-06,-0.000161420167897202,-0.000161420167897202
4.14,1.5644131923412e-05,1.5644131923412e-05,-8.73654949126411e-06,-8.73654949126411e-06,-0.000158407585960671,-0.000158407585960671
4.15,1.55152838620645e-05,1.55152838620645e-05,-8.22026039715489e-06,-8.22026039715489e-06,-0.000155404814687552,-0.000155404814687552
4.16,1.53803139756806e-05,1.53803139756806e-05,-7.71981206164174e-06,-7.71981206164174e-06,-0.000152413680958159,-0.000152413680958159
4.17,1.52395840354042e-05,1.52395840354042e-05,-7.23490420759734e-06,-7.23490420759734e-06,-0.000149435925262947,-0.000149435925262947
4.18,1.50934447125331e-05,1.50934447125331e-05,-6.76523772164876e-06,-6.76523772164876e-06,-0.000146473204074381,-0.000146473204074381
4.19,1.4942235788928e-05,1.4942235788928e-05,-6.31051482822648e-06,-6.31051482822648e-06,-0.000143527092180725,-0.000143527092180725
4.2,1.47862863666051e-05,1.47862863666051e-05,-5.87043925521163e-06,-5.87043925521163e-06,-0.000140599084981633,-0.000140599084981633
4.21,1.46259150763918e-05,1.46259150763918e-05,-5.44471639141486e-06,-5.44471639141486e-06,-0.000137690600745466,-0.000137690600745466
4.22,1.4461430285529e-05,1.4461430285529e-05,-5.03305343611624e-06,-5.03305343611624e-06,-0.000134802982828274,-0.000134802982828274
4.23,1.42931303041091e-05,1.42931303041091e-05,-4.63515954089218e-06,-4.63515954089218e-06,-0.00013193750185443,-0.00013193750185443
4.24,1.41213035902457e-05,1.41213035902457e-05,-4.25074594395094e-06,-4.25074594395094e-06,-0.00012909535785893,-0.00012909535785893
4.25,1.39462289538754e-05,1.39462289538754e-05,-3.87952609719515e-06,-3.87952609719515e-06,-0.000126277682391372,-0.000126277682391372
4.26,1.37681757590973e-05,1.37681757590973e-05,-3.52121578622525e-06,-3.52121578622525e-06,-0.000123485540581708,-0.000123485540581708
4.27,1.3587404124961e-05,1.3587404124961e-05,-3.17553324349448e-06,-3.17553324349448e-06,-0.000120719933167822,-0.000120719933167822
4.28,1.34041651246203e-05,1.34041651246203e-05,-2.84219925482189e-06,-2.84219925482189e-06,-0.000117981798485072,-0.000117981798485072
4.29,1.32187009827711e-05,1.32187009827711e-05,-2.52093725946608e-06,-2.52093725946608e-06,-0.000115272014417916,-0.000115272014417916
4.3,1.30312452713012e-05,1.30312452713012e-05,-2.21147344395877e-06,-2.21147344395877e-06,-0.000112591400313778,-0.000112591400313778
4.31,1.28420231030802e-05,1.28420231030802e-05,-1.91353682989326e-06,-1.91353682989326e-06,-0.000109940718859339,-0.000109940718859339
4.32,1.26512513238245e-05,1.26512513238245e-05,-1.62685935585912e-06,-1.62685935585912e-06,-0.000107320677919444,-0.000107320677919444
4.33,1.24591387019759e-05,1.24591387019759e-05,-1.35117595371092e-06,-1.35117595371092e-06,-0.000104731932338839,-0.000104731932338839
4.34,1.22658861165358e-05,1.22658861165358e-05,-1.08622461935467e-06,-1.08622461935467e-06,-0.000102175085706983,-0.000102175085706983
4.35,1.20716867428024e-05,1.20716867428024e-05,-8.31746478232295e-07,-8.31746478232295e-07,-9.96506920861709e-05,-9.96506920861709e-05
4.36,1.18767262359608e-05,1.18767262359608e-05,-5.87485845680621e-07,-5.87485845680621e-07,-9.71592577032548e-05,-9.71592577032548e-05
4.37,1.16811829124797e-05,1.16811829124797e-05,-3.53190282337563e-07,-3.53190282337563e-07,-9.47012426052252e-05,-9.47012426052252e-05
4.38,1.14852279292739e-05,1.14852279292739e-05,-1.28610644764831e-07,-1.28610644764831e-07,-9.22770622789699e-05,-9.22770622789699e-05
4.39,1.12890254605918e-05,1.12890254605918e-05,8.64988685473778e-08,8.64988685473778e-08,-8.98870892355106e-05,-8.98870892355106e-05
4.4,1.10927328725935e-05,1.10927328725935e-05,2.9238067563169e-07,2.9238067563169e-07,-8.75316545590466e-05,-8.75316545590466e-05
4.41,1.08965008955881e-05,1.08965008955881e-05,4.89273773792451e-07,4.89273773792451e-07,-8.5211049421143e-05,-8.5211049421143e-05
4.42,1.0700473793899e-05,1.0700473793899e-05,6.77413706497308e-07,6.77413706497308e-07,-8.29255265604114e-05,-8.29255265604114e-05
4.43,1.05047895333329e-05,1.05047895333329e-05,8.5703253426005e-07,8.5703253426005e-07,-8.06753017280427e-05,-8.06753017280427e-05
4.44,1.03095799462282e-05,1.03095799462282e-05,1.02835880936675e-06,1.02835880936675e-06,-7.84605550995635e-05,-7.84605550995635e-05
4.45,1.01149708940636e-05,1.01149708940636e-05,1.19161755430065e-06,1.19161755430065e-06,-7.62814326531922e-05,-7.62814326531922e-05
4.46,9.9210824276075e-06,9.9210824276075e-06,1.34703024372459e-06,1.34703024372459e-06,-7.41380475151874e-05,-7.41380475151874e-05
4.47,9.72802894459486e-06,9.72802894459486e-06,1.49481478988321e-06,1.49481478988321e-06,-7.20304812725794e-05,-7.20304812725794e-05
4.48,9.53591934491728e-06,9.53591934491728e-06,1.63518553129031e-06,1.63518553129031e-06,-6.99587852536922e-05,-6.99587852536922e-05
4.49,9.34485718331747e-06,9.34485718331747e-06,1.76835322457016e-06,1.76835322457016e-06,-6.79229817768662e-05,-6.79229817768662e-05
4.5,9.15494081957923e-06,9.15494081957923e-06,1.89452503932463e-06,1.89452503932463e-06,-6.59230653677955e-05,-6.59230653677955e-05
4.51,8.96626356620764e-06,8.96626356620764e-06,2.01390455590142e-06,2.01390455590142e-06,-6.39590039459052e-05,-6.39590039459052e-05
4.52,8.77891383359574e-06,8.77891383359574e-06,2.12669176594143e-06,2.12669176594143e-06,-6.20307399801955e-05,-6.20307399801955e-05
4.53,8.59297527267623e-06,8.59297527267623e-06,2.23308307558685e-06,2.23308307558685e-06,-6.01381916149839e-05,-6.01381916149839e-05
4.54,8.40852691505842e-06,8.40852691505842e-06,2.33327131123425e-06,2.33327131123425e-06,-5.8281253765984e-05,-5.8281253765984e-05
4.55,8.22564331065287e-06,8.22564331065287e-06,2.42744572772015e-06,2.42744572772015e-06,-5.64597991871575e-05,-5.64597991871575e-05
4.56,8.04439466278754e-06,8.04439466278754e-06,2.51579201882945e-06,2.51579201882945e-06,-5.46736795087874e-05,-5.46736795087874e-05
4.57,7.86484696082143e-06,7.86484696082143e-06,2.59849233002004e-06,2.59849233002004e-06,-5.29227262472127e-05,-5.29227262472127e-05
4.58,7.68706211026279e-06,7.68706211026279e-06,2.67572527325974e-06,2.67572527325974e-06,-5.12067517866785e-05,-5.12067517866785e-05
4.59,7.51109806040112e-06,7.51109806040112e-06,2.74766594387473e-06,2.74766594387473e-06,-4.95255503337472e-05,-4.95255503337472e-05
4.6,7.33700892946306e-06,7.33700892946306e-06,2.81448593931105e-06,2.81448593931105e-06,-4.78788988447236e-05,-4.78788988447236e-05
4.61,7.16484512730426e-06,7.16484512730426e-06,2.87635337971399e-06,2.87635337971399e-06,-4.62665579265474e-05,-4.62665579265474e-05
4.62,6.99465347565006e-06,6.99465347565006e-06,2.93343293023247e-06,2.93343293023247e-06,-4.46882727116048e-05,-4.46882727116048e-05
4.63,6.8264773258998e-06,6.8264773258998e-06,2.98588582495828e-06,2.98588582495828e-06,-4.31437737069132e-05,-4.31437737069132e-05
4.64,6.66035667450993e-06,6.66035667450993e-06,3.03386989241294e-06,3.03386989241294e-06,-4.16327776181321e-05,-4.16327776181321e-05
4.65,6.49632827597313e-06,6.49632827597313e-06,3.0775395824969e-06,3.0775395824969e-06,-4.0154988148854e-05,-4.0154988148854e-05
4.66,6.33442575341094e-06,6.33442575341094e-06,3.11704599481906e-06,3.11704599481906e-06,-3.87100967756258e-05,-3.87100967756258e-05
4.67,6.17467970679905e-06,6.17467970679905e-06,3.15253690832632e-06,3.15253690832632e-06,-3.72977834991537e-05,-3.72977834991537e-05
4.68,6.01711781884496e-06,6.01711781884496e-06,3.18415681215603e-06,3.18415681215603e-06,-3.59177175721412e-05,-3.59177175721412e-05
4.69,5.86176495853878e-06,5.86176495853878e-06,3.21204693763582e-06,3.21204693763582e-06,-3.45695582042063e-05,-3.45695582042063e-05
4.7,5.70864328239883e-06,5.70864328239883e-06,3.23634529135839e-06,3.23634529135839e-06,-3.32529552443278e-05,-3.32529552443278e-05
4.71,5.55777233343447e-06,5.55777233343447e-06,3.25718668926054e-06,3.25718668926054e-06,-3.19675498412623e-05,-3.19675498412623e-05
4.72,5.40916913784926e-06,5.40916913784926e-06,3.27470279163826e-06,3.27470279163826e-06,-3.07129750823759e-05,-3.07129750823759e-05
4.73,5.26284829950846e-06,5.26284829950846e-06,3.28902213903186e-06,3.28902213903186e-06,-2.94888566113274e-05,-2.94888566113274e-05
4.74,5.11882209219523e-06,5.11882209219523e-06,3.30027018891722e-06,3.30027018891722e-06,-2.82948132250422e-05,-2.82948132250422e-05
4.75,4.97710054968085e-06,4.97710054968085e-06,3.30856935314144e-06,3.30856935314144e-06,-2.71304574504091e-05,-2.71304574504091e-05
4.76,4.83769155363456e-06,4.83769155363456e-06,3.31403903604316e-06,3.31403903604316e-06,-2.599539610113e-05,-2.599539610113e-05
4.77,4.70060091939929e-06,4.70060091939929e-06,3.31679567319984e-06,3.31679567319984e-06,-2.4889230815151e-05,-2.4889230815151e-05
4.78,4.56583247965999e-06,4.56583247965999e-06,3.31695277074641e-06,3.31695277074641e-06,-2.3811558573096e-05,-2.3811558573096e-05
4.79,4.4333881660317e-06,4.4333881660317e-06,3.31462094521146e-06,3.31462094521146e-06,-2.27619721981244e-05,-2.27619721981244e-05
4.8,4.30326808859491e-06,4.30326808859491e-06,3.3099079638192e-06,3.3099079638192e-06,-2.17400608376275e-05,-2.17400608376275e-05
4.81,4.17547061340616e-06,4.17547061340616e-06,3.30291878520713e-06,3.30291878520713e-06,-2.0745410427176e-05,-2.0745410427176e-05
4.82,4.04999243801206e-06,4.04999243801206e-06,3.29375560051129e-06,3.29375560051129e-06,-1.97776041371251e-05,-1.97776041371251e-05
4.83,3.9268286649953e-06,3.9268286649953e-06,3.28251787477274e-06,3.28251787477274e-06,-1.88362228022809e-05,-1.88362228022809e-05
4.84,3.80597287358148e-06,3.80597287358148e-06,3.26930238862048e-06,3.26930238862048e-06,-1.79208453350276e-05,-1.79208453350276e-05
4.85,3.68741718933561e-06,3.68741718933561e-06,3.25420328018799e-06,3.25420328018799e-06,-1.70310491223082e-05,-1.70310491223082e-05
4.86,3.57115235197778e-06,3.57115235197778e-06,3.23731208722199e-06,3.23731208722199e-06,-1.61664104068496e-05,-1.61664104068496e-05
4.87,3.45716778134699e-06,3.45716778134699e-06,3.21871778934377e-06,3.21871778934377e-06,-1.53265046530154e-05,-1.53265046530154e-05
4.88,3.34545164154304e-06,3.34545164154304e-06,3.19850685042486e-06,3.19850685042486e-06,-1.45109068976686e-05,-1.45109068976686e-05
4.89,3.23599090327576e-06,3.23599090327576e-06,3.17676326104065e-06,3.17676326104065e-06,-1.37191920864169e-05,-1.37191920864169e-05
4.9,3.12877140445152e-06,3.12877140445152e-06,3.15356858096667e-06,3.15356858096667e-06,-1.29509353956118e-05,-1.29509353956118e-05
4.91,3.02377790902664e-06,3.02377790902664e-06,3.12900198168405e-06,3.12900198168405e-06,-1.22057125404675e-05,-1.22057125404675e-05
4.92,2.92099416415741e-06,2.92099416415741e-06,3.10314028886186e-06,3.10314028886186e-06,-1.14831000696568e-05,-1.14831000696568e-05
4.93,2.82040295567678e-06,2.82040295567678e-06,3.07605802478564e-06,3.07605802478564e-06,-1.07826756467423e-05,-1.07826756467423e-05
4.94,2.72198616192713e-06,2.72198616192713e-06,3.04782745070244e-06,3.04782745070244e-06,-1.01040183187891e-05,-1.01040183187891e-05
4.95,2.62572480597913e-06,2.62572480597913e-06,3.01851860905457e-06,3.01851860905457e-06,-9.44670877250543e-06,-9.44670877250543e-06
4.96,2.53159910626623e-06,2.53159910626623e-06,2.98819936557483e-06,2.98819936557483e-06,-8.81032957824939e-06,-8.81032957824939e-06
4.97,2.43958852566439e-06,2.43958852566439e-06,2.95693545121783e-06,2.95693545121783e-06,-8.19446542223636e-06,-8.19446542223636e-06
4.98,2.34967181904658e-06,2.34967181904658e-06,2.92479050390301e-06,2.92479050390301e-06,-7.5987033272735e-06,-7.5987033272735e-06
4.99,2.26182707934136e-06,2.26182707934136e-06,2.89182611004596e-06,2.89182611004596e-06,-7.02263286234632e-06,-7.02263286234632e-06
5,2.17603178212495e-06,2.17603178212495e-06,2.85810184585619e-06,2.85810184585619e-06,-6.46584634137417e-06,-6.46584634137417e-06
5.01,2.09226282877565e-06,2.09226282877565e-06,2.82367531838018e-06,2.82367531838018e-06,-5.92793901144643e-06,-5.92793901144643e-06
5.02,2.01049658821977e-06,2.01049658821977e-06,2.78860220627003e-06,2.78860220627003e-06,-5.40850923084693e-06,-5.40850923084693e-06
5.03,1.9307089372977e-06,1.9307089372977e-06,2.75293630025874e-06,2.75293630025874e-06,-4.90715863716765e-06,-4.90715863716765e-06
5.04,1.85287529977874e-06,1.85287529977874e-06,2.71672954332437e-06,2.71672954332437e-06,-4.4234923058077e-06,-4.4234923058077e-06
5.05,1.77697068405303e-06,1.77697068405303e-06,2.68003207052628e-06,2.68003207052628e-06,-3.95711889914787e-06,-3.95711889914787e-06
5.06,1.70296971952875e-06,1.70296971952875e-06,2.6428922484976e-06,2.6428922484976e-06,-3.50765080668773e-06,-3.50765080668773e-06
5.07,1.63084669176245e-06,1.63084669176245e-06,2.60535671457902e-06,2.60535671457902e-06,-3.074704276422e-06,-3.074704276422e-06
5.08,1.56057557635029e-06,1.56057557635029e-06,2.56747041557976e-06,2.56747041557976e-06,-2.65789953773449e-06,-2.65789953773449e-06
5.09,1.49213007160741e-06,1.49213007160741e-06,2.52927664615286e-06,2.52927664615286e-06,-2.25686091607553e-06,-2.25686091607553e-06
5.1,1.42548363006287e-06,1.42548363006287e-06,2.49081708677219e-06,2.49081708677219e-06,-1.87121693968911e-06,-1.87121693968911e-06
5.11,1.36060948879682e-06,1.36060948879682e-06,2.45213184129991e-06,2.45213184129991e-06,-1.50060043864711e-06,-1.50060043864711e-06
5.12,1.29748069864658e-06,1.29748069864658e-06,2.41325947413366e-06,2.41325947413366e-06,-1.14464863644478e-06,-1.14464863644478e-06
5.13,1.23607015230798e-06,1.23607015230798e-06,2.37423704692355e-06,2.37423704692355e-06,-8.03003234405106e-07,-8.03003234405106e-07
5.14,1.17635061135805e-06,1.17635061135805e-06,2.33510015484979e-06,2.33510015484979e-06,-4.75310489135404e-07,-4.75310489135404e-07
5.15,1.11829473222457e-06,1.11829473222457e-06,2.29588296245259e-06,2.29588296245259e-06,-1.61221283273945e-07,-1.61221283273945e-07
5.16,1.06187509112816e-06,1.06187509112816e-06,2.25661823900648e-06,2.25661823900648e-06,1.39608810240306e-07,1.39608810240306e-07
5.17,1.00706420802187e-06,1.00706420802187e-06,2.21733739343204e-06,2.21733739343204e-06,4.27519470147861e-07,4.27519470147861e-07
5.18,9.53834569553062e-07,9.53834569553062e-07,2.17807050873863e-06,2.17807050873863e-06,7.02845574875196e-07,7.02845574875196e-07
5.19,9.02158651072077e-07,9.02158651072077e-07,2.13884637599223e-06,2.13884637599223e-06,9.6591715635e-07,9.6591715635e-07
5.2,8.52008937711858e-07,8.52008937711858e-07,2.09969252780332e-06,2.09969252780332e-06,1.21705935941323e-06,1.21705935941323e-06
5.21,8.03357944562245e-07,8.03357944562245e-07,2.06063527133004e-06,2.06063527133004e-06,1.45659240661861e-06,1.45659240661861e-06
5.22,7.56178235962472e-07,7.56178235962472e-07,2.0216997207927e-06,2.0216997207927e-06,1.68483156821721e-06,1.68483156821721e-06
5.23,7.10442443934966e-07,7.10442443934966e-07,1.98290982949603e-06,1.98290982949603e-06,1.90208713712888e-06,1.90208713712888e-06
5.24,6.66123285783244e-07,6.66123285783244e-07,1.94428842135618e-06,1.94428842135618e-06,2.10866440870628e-06,2.10866440870628e-06
5.25,6.23193580876333e-07,6.23193580876333e-07,1.90585722193004e-06,1.90585722193004e-06,2.3048636651031e-06,2.3048636651031e-06
5.26,5.81626266641815e-07,5.81626266641815e-07,1.86763688894477e-06,1.86763688894477e-06,2.49098016406131e-06,2.49098016406131e-06
5.27,5.41394413789236e-07,5.41394413789236e-07,1.82964704232601e-06,1.82964704232601e-06,2.66730413193844e-06,2.66730413193844e-06
5.28,5.02471240785267e-07,5.02471240785267e-07,1.79190629372365e-06,1.79190629372365e-06,2.83412076079873e-06,2.83412076079873e-06
5.29,4.64830127601671e-07,4.64830127601671e-07,1.7544322755345e-06,1.7544322755345e-06,2.99171020939761e-06,2.99171020939761e-06
5.3,4.28444628756748e-07,4.28444628756748e-07,1.71724166942142e-06,1.71724166942142e-06,3.14034760789272e-06,3.14034760789272e-06
5.31,3.9328848567061e-07,3.9328848567061e-07,1.68035023432928e-06,1.68035023432928e-06,3.28030306611952e-06,3.28030306611952e-06
5.32,3.5933563835426e-07,3.5933563835426e-07,1.64377283399793e-06,1.64377283399793e-06,3.41184168527272e-06,3.41184168527272e-06
5.33,3.26560236452108e-07,3.26560236452108e-07,1.60752346397319e-06,1.60752346397319e-06,3.53522357284038e-06,3.53522357284038e-06
5.34,2.94936649657207e-07,2.94936649657207e-07,1.57161527811698e-06,1.57161527811698e-06,3.65070386064065e-06,3.65070386064065e-06
5.35,2.64439477518134e-07,2.64439477518134e-07,1.53606061461805e-06,1.53606061461805e-06,3.75853272581524e-06,3.75853272581524e-06
5.36,2.35043558656083e-07,2.35043558656083e-07,1.50087102150519e-06,1.50087102150519e-06,3.85895541463836e-06,3.85895541463836e-06
5.37,2.06723979410419e-07,2.06723979410419e-07,1.46605728166491e-06,1.46605728166491e-06,3.95221226900274e-06,3.95221226900274e-06
5.38,1.79456081930537e-07,1.79456081930537e-07,1.43162943736609e-06,1.43162943736609e-06,4.03853875544956e-06,4.03853875544956e-06
5.39,1.53215471731594e-07,1.53215471731594e-07,1.39759681429418e-06,1.39759681429418e-06,4.11816549661147e-06,4.11816549661147e-06
5.4,1.27978024731263e-07,1.27978024731263e-07,1.3639680450978e-06,1.3639680450978e-06,4.19131830494271e-06,4.19131830494271e-06
5.41,1.03719893784376e-07,1.03719893784376e-07,1.33075109245109e-06,1.33075109245109e-06,4.25821821861363e-06,4.25821821861363e-06
5.42,8.04175147319465e-08,8.04175147319465e-08,1.29795327163488e-06,1.29795327163488e-06,4.31908153945023e-06,4.31908153945023e-06
5.43,5.80476119807277e-08,5.80476119807277e-08,1.26558127264052e-06,1.26558127264052e-06,4.37411987280355e-06,4.37411987280355e-06
5.44,3.65872036291331e-08,3.65872036291331e-08,1.23364118180011e-06,1.23364118180011e-06,4.42354016923632e-06,4.42354016923632e-06
5.45,1.60136061550102e-08,1.60136061550102e-08,1.20213850294698e-06,1.20213850294698e-06,4.46754476791879e-06,4.46754476791879e-06
5.46,-3.69556131957994e-09,-3.69556131957994e-09,1.17107817811077e-06,1.17107817811077e-06,4.50633144162793e-06,4.50633144162793e-06
5.47,-2.25623731717479e-08,-2.25623731717479e-08,1.14046460775136e-06,1.14046460775136e-06,4.54009344324829e-06,4.54009344324829e-06
5.48,-4.06085938148255e-08,-4.06085938148255e-08,1.11030167053611e-06,1.11030167053611e-06,4.56901955367543e-06,4.56901955367543e-06
5.49,-5.78556746149001e-08,-5.78556746149001e-08,1.08059274266518e-06,1.08059274266518e-06,4.59329413102665e-06,4.59329413102665e-06
5.5,-7.43247511729776e-08,-7.43247511729776e-08,1.05134071674962e-06,1.05134071674962e-06,4.61309716106602e-06,4.61309716106602e-06
5.51,-9.00366409592304e-08,-9.00366409592304e-08,1.02254802024717e-06,1.02254802024717e-06,4.62860430875456e-06,4.62860430875456e-06
5.52,-1.05011841286104e-07,-1.05011841286104e-07,9.94216633460816e-07,9.94216633460816e-07,4.63998697083884e-06,4.63998697083884e-06
5.53,-1.19270527607361e-07,-1.19270527607361e-07,9.66348107105342e-07,9.66348107105342e-07,4.64741232939441e-06,4.64741232939441e-06
5.54,-1.32832552130457e-07,-1.32832552130457e-07,9.38943579446951e-07,9.38943579446951e-07,4.6510434062433e-06,4.6510434062433e-06
5.55,-1.45717442729932e-07,-1.45717442729932e-07,9.120037930215e-07,9.120037930215e-07,4.65103911816756e-06,4.65103911816756e-06
5.56,-1.57944402149809e-07,-1.57944402149809e-07,8.85529110936673e-07,8.85529110936673e-07,4.6475543328435e-06,4.6475543328435e-06
5.57,-1.6953230748329e-07,-1.6953230748329e-07,8.59519532763663e-07,8.59519532763663e-07,4.64073992542425e-06,4.64073992542425e-06
5.58,-1.80499709918321e-07,-1.80499709918321e-07,8.33974710023937e-07,8.33974710023937e-07,4.63074283570034e-06,4.63074283570034e-06
5.59,-1.90864834737895e-07,-1.90864834737895e-07,8.08893961276754e-07,8.08893961276754e-07,4.61770612577126e-06,4.61770612577126e-06
5.6,-2.0064558156423e-07,-2.0064558156423e-07,7.84276286813141e-07,7.84276286813141e-07,4.60176903816245e-06,4.60176903816245e-06
5.61,-2.09859524836271e-07,-2.09859524836271e-07,7.60120382962105e-07,7.60120382962105e-07,4.58306705432595e-06,4.58306705432595e-06
5.62,-2.18523914510195e-07,-2.18523914510195e-07,7.36424656014885e-07,7.36424656014885e-07,4.56173195346393e-06,4.56173195346393e-06
5.63,-2.26655676972915e-07,-2.26655676972915e-07,7.13187235773098e-07,7.13187235773098e-07,4.53789187161759e-06,4.53789187161759e-06
5.64,-2.34271416158813e-07,-2.34271416158813e-07,6.90405988726657e-07,6.90405988726657e-07,4.51167136096593e-06,4.51167136096593e-06
5.65,-2.41387414860215e-07,-2.41387414860215e-07,6.68078530867378e-07,6.68078530867378e-07,4.48319144928078e-06,4.48319144928078e-06
5.66,-2.48019636222375e-07,-2.48019636222375e-07,6.46202240144195e-07,6.46202240144195e-07,4.45256969948715e-06,4.45256969948715e-06
5.67,-2.54183725413976e-07,-2.54183725413976e-07,6.24774268565941e-07,6.24774268565941e-07,4.41992026927982e-06,4.41992026927982e-06
5.68,-2.59895011464448e-07,-2.59895011464448e-07,6.03791553957635e-07,6.03791553957635e-07,4.38535397074883e-06,4.38535397074883e-06
5.69,-2.65168509259589e-07,-2.65168509259589e-07,5.83250831376258e-07,5.83250831376258e-07,4.3489783299693e-06,4.3489783299693e-06
5.7,-2.70018921687278e-07,-2.70018921687278e-07,5.63148644191955e-07,5.63148644191955e-07,4.31089764651207e-06,4.31089764651207e-06
5.71,-2.74460641925267e-07,-2.74460641925267e-07,5.43481354840649e-07,5.43481354840649e-07,4.27121305283424e-06,4.27121305283424e-06
5.72,-2.7850775586329e-07,-2.7850775586329e-07,5.24245155253994e-07,5.24245155253994e-07,4.23002257351011e-06,4.23002257351011e-06
5.73,-2.82174044651957e-07,-2.82174044651957e-07,5.05436076972623e-07,5.05436076972623e-07,4.18742118426508e-06,4.18742118426508e-06
5.74,-2.85472987371121e-07,-2.85472987371121e-07,4.87050000948603e-07,4.87050000948603e-07,4.1435008707766e-06,4.1435008707766e-06
5.75,-2.88417763810635e-07,-2.88417763810635e-07,4.69082667043009e-07,4.69082667043009e-07,4.0983506872082e-06,4.0983506872082e-06
5.76,-2.91021257356627e-07,-2.91021257356627e-07,4.51529683224493e-07,4.51529683224493e-07,4.05205681444397e-06,4.05205681444397e-06
5.77,-2.93296057976641e-07,-2.93296057976641e-07,4.34386534474698e-07,4.34386534474698e-07,4.00470261799281e-06,4.00470261799281e-06
5.78,-2.95254465297195e-07,-2.95254465297195e-07,4.17648591406347e-07,4.17648591406347e-07,3.95636870553316e-06,3.95636870553316e-06
5.79,-2.96908491767521e-07,-2.96908491767521e-07,4.01311118599795e-07,4.01311118599795e-07,3.90713298407026e-06,3.90713298407026e-06
5.8,-2.98269865903441e-07,-2.98269865903441e-07,3.85369282663797e-07,3.85369282663797e-07,3.85707071667998e-06,3.85707071667998e-06
5.81,-2.99350035605541e-07,-2.99350035605541e-07,3.69818160026206e-07,3.69818160026206e-07,3.80625457881398e-06,3.80625457881398e-06
5.82,-3.00160171546004e-07,-3.00160171546004e-07,3.54652744460282e-07,3.54652744460282e-07,3.75475471414305e-06,3.75475471414305e-06
5.83,-3.00711170618619e-07,-3.00711170618619e-07,3.39867954352241e-07,3.39867954352241e-07,3.70263878991636e-06,3.70263878991636e-06
5.84,-3.01013659446724e-07,-3.01013659446724e-07,3.25458639715613e-07,3.25458639715613e-07,3.64997205181574e-06,3.64997205181574e-06
5.85,-3.01077997943957e-07,-3.01077997943957e-07,3.11419588957977e-07,3.11419588957977e-07,3.59681737828564e-06,3.59681737828564e-06
5.86,-3.00914282922933e-07,-3.00914282922933e-07,2.97745535405523e-07,2.97745535405523e-07,3.54323533432016e-06,3.54323533432016e-06
5.87,-3.00532351747074e-07,-3.00532351747074e-07,2.84431163590897e-07,2.84431163590897e-07,3.48928422469033e-06,3.48928422469033e-06
5.88,-2.99941786021049e-07,-2.99941786021049e-07,2.71471115309703e-07,2.71471115309703e-07,3.43502014659535e-06,3.43502014659535e-06
5.89,-2.99151915315394e-07,-2.99151915315394e-07,2.58859995450979e-07,2.58859995450979e-07,3.38049704172315e-06,3.38049704172315e-06
5.9,-2.98171820921082e-07,-2.98171820921082e-07,2.46592377606913e-07,2.46592377606913e-07,3.32576674770626e-06,3.32576674770626e-06
5.91,-2.97010339629958e-07,-2.97010339629958e-07,2.34662809467021e-07,2.34662809467021e-07,3.27087904896048e-06,3.27087904896048e-06
5.92,-2.95676067537096e-07,-2.95676067537096e-07,2.23065818001898e-07,2.23065818001898e-07,3.2158817268943e-06,3.2158817268943e-06
5.93,-2.94177363861315e-07,-2.94177363861315e-07,2.11795914441672e-07,2.11795914441672e-07,3.16082060947853e-06,3.16082060947853e-06
5.94,-2.92522354780206e-07,-2.92522354780206e-07,2.00847599054135e-07,2.00847599054135e-07,3.10573962016622e-06,3.10573962016622e-06
5.95,-2.90718937276191e-07,-2.90718937276191e-07,1.90215365727546e-07,1.90215365727546e-07,3.05068082615384e-06,3.05068082615384e-06
5.96,-2.88774782990268e-07,-2.88774782990268e-07,1.79893706362974e-07,1.79893706362974e-07,2.99568448597582e-06,2.99568448597582e-06
5.97,-2.86697342080217e-07,-2.86697342080217e-07,1.69877115081017e-07,1.69877115081017e-07,2.94078909642508e-06,2.94078909642508e-06
5.98,-2.84493847080208e-07,-2.84493847080208e-07,1.60160092247658e-07,1.60160092247658e-07,2.88603143879327e-06,2.88603143879327e-06
5.99,-2.82171316758845e-07,-2.82171316758845e-07,1.50737148323941e-07,1.50737148323941e-07,2.83144662442495e-06,2.83144662442495e-06
6,-2.79736559972843e-07,-2.79736559972843e-07,1.41602807544104e-07,1.41602807544104e-07,2.77706813958101e-06,2.77706813958101e-06
